codigo_mec_mantenedora;codigo_mec_ies;codigo_local_oferta;codigo_microregiao;codigo_grupo_pref;codigo_curso
1149;1735;4201;23032;118659;90434
16313;19674;1070116;26005;118899;1304648
545;1298;1006627;27011;119104;19848
1247;1898;658856;35063;120964;101747
844;5403;1926;41037;121354;76047
262;374;706435;35061;120924;49697
1416;2147;659007;13007;117966;1458137
16452;242;657799;35061;120919;1295984
16452;5668;660101;42008;121441;48553
545;793;25759;35061;120958;111786
2405;1422;1081198;13007;117997;1385083
1526;2336;659096;52009;122072;1261240
326;472;657921;33018;120240;9723
1509;4068;1060898;53001;122194;1304020
2291;3615;1082268;26017;118975;106024
1667;2560;1058601;29012;119258;1279507
16410;20586;1112308;35061;120998;1331184
16298;481;103202;35059;120999;110444
316;456;657908;35061;120978;116218
943;1427;136755;43016;121645;87550
119;1509;2905;31030;119722;366629
119;163;2744;33018;120250;1486701
3266;5105;660018;33018;120280;120127
1564;1053;658223;29012;119291;112532
143;203;1095581;35061;120938;1474136
1204;4865;1056034;21002;118298;123363
1329;2023;1065295;29026;119443;1086150
245;352;657848;25022;118818;1457853
16452;926;30981;50004;121833;1404664
16452;1345;1060971;35057;120936;1205567
545;2036;658950;15007;118108;80834
545;2122;100687;28011;119142;107658
2477;3921;659664;29001;119212;91093
2519;3998;1039739;33018;120298;1104005
1477;2270;659064;31052;119899;91913
2523;4007;702273;35029;120628;105992
757;1087;658249;11001;117886;94221
3169;4964;105246;21017;118381;1456864
199;277;1043605;33018;120260;1178674
159;221;1085415;35061;120945;1427560
84;4962;659976;31027;119756;1267045
16134;3456;705589;35032;120641;80152
16437;20532;1072424;23017;118565;1441605
1240;1885;658845;21002;118299;58700
441;669;658021;13007;117962;108224
1847;2835;659319;26017;119016;63510
781;1131;1076070;22003;118443;105972
902;14028;1044032;31030;119713;1146578
222;316;1063075;35061;120992;5001268
2141;3388;659473;23032;118653;89822
1965;3034;1101320;29021;119377;1259245
15951;18114;1108951;51017;121995;1207554
2559;823;1058879;21009;118317;1279431
1569;2410;659133;23016;118536;1300474
314;449;657901;43026;121730;66506
970;1468;658510;31018;119642;31003
737;1055;1056543;29021;119408;1300301
2405;1422;1041219;13007;117979;1364159
2148;3396;659478;53001;122198;105514
1303;1988;658924;42013;121491;98571
78;1575;658592;31023;119641;108658
222;316;706703;35061;120940;117066
14514;2037;658951;29021;119364;1178531
2415;322;377;13007;118009;99120
1122;1702;1039741;14001;118024;1361383
2415;3786;1073426;31030;119687;1069954
321;466;1055963;35061;120966;1266443
321;466;707833;35061;120986;25237
1077;1640;658644;29015;119330;89794
545;1077;658241;26017;118974;18785
274;398;657873;28011;119146;1420448
1174;1734;658725;22003;118444;1260316
194;271;2522;35036;120687;6488
194;271;657815;35036;120713;1160204
268;385;6801;29012;119261;1059289
1116;1694;658691;42019;121562;123149
85;1418;658465;35017;120441;1258748
13;13;585;43016;121619;1404869
732;1049;658220;13007;117968;110564
307;440;657896;35046;120826;1261183
17161;2443;1072257;31004;119548;100569
2067;3268;1050955;29031;119491;1330714
88;124;1037197;35024;120545;105434
770;4450;1041237;15007;118073;1174855
222;1624;658632;35023;120489;1258274
412;1327;658406;43026;121748;32115
1567;2408;105564;35063;120997;61656
740;1060;1791;53001;122200;1438794
210;295;1002398;43020;121676;19003
199;277;657818;33018;120252;96304
1765;5387;1069717;35061;120927;1455062
2861;4566;705036;24018;118700;106826
16452;457;1002303;35061;120939;106554
1176;3149;659386;31043;119847;46040
145;206;1043954;35061;121000;1483501
119;862;1081990;50004;121820;1405054
119;163;1054146;33013;120199;1466492
119;163;1486;33018;120320;70276
340;494;344;42016;121525;120611
16931;17662;1076831;35023;120498;1364732
119;163;7672;33018;120264;102406
119;1986;101198;31065;119991;52021
481;718;1067760;24018;118734;1321625
938;1414;658461;11001;117881;1204819
118;162;657757;35061;120987;75568
878;1317;1051806;35042;120770;1146518
1891;2915;1072697;31020;119618;1383358
3082;5669;1054144;35050;120888;111652
346;502;657938;35063;120929;97739
17861;23096;1090732;35050;120885;1430451
15728;17499;1058303;23023;118618;1453833
17855;2770;1056202;52010;122048;1454342
222;316;1081809;35059;120912;1397772
77;3488;659522;31034;119711;1257825
805;1185;34501;29021;119351;74773
17571;1968;1075637;28011;119160;51884
813;1202;1109352;31034;119708;1120961
17024;3864;659650;29017;119314;1404290
2415;322;1081234;35030;120640;50594
14514;4959;1069926;29012;119265;1330530
2415;322;2643;35061;120946;115454
14514;1452;658496;21002;118294;1385762
1086;1660;658661;53001;122243;46391
2744;1853;1082239;35061;120931;1119929
902;3758;1096342;42016;121531;1386940
129;176;28199;33018;120284;1116853
222;316;1801;35061;120994;66277
17143;826;658121;52012;122147;17107
1390;2466;659163;23002;118499;1261117
2617;4169;1051161;35057;120947;1260832
87;1569;658587;35024;120538;103528
471;707;1049596;35029;120649;1258280
525;11645;1060921;11007;117929;1454233
314;452;696119;13007;118001;9431
341;495;657935;35048;120836;20682
2559;823;658119;21002;118262;50928
3040;4751;659920;41001;121044;1541972
901;1350;140782;23022;118619;104722
109;150;1000208;35046;120795;1109354
878;1317;102503;35022;120507;1108311
546;794;658106;51017;121965;101098
1018;1546;692161;21010;118368;5000348
545;1107;1870;23016;118530;1475544
218;1064;1033966;32009;120098;45539
3554;12723;1109462;35061;121001;1365253
51;3641;659572;35009;120434;91085
16452;2756;659283;52012;122149;1119043
1564;1364;699310;29028;119446;53333
418;1042;1070337;41037;121347;1308197
2390;3797;1036273;41029;121254;5000008
555;1046;658218;35004;120366;1055492
159;221;657790;35061;121002;319477
553;802;1054418;33018;120304;75465
407;2184;659029;43026;121715;56121
560;14403;1066173;41037;121351;1203999
12729;13783;1043416;29012;119287;1439414
3052;344;1842;31030;119704;111428
16452;4826;659945;35032;120644;112708
274;398;1687;28004;119133;87400
16248;14996;1076209;29021;119402;1136118
267;384;1082193;52006;122098;105944
3610;2745;1040188;15007;118069;90615
519;1446;26032;53001;122199;121445
1578;2426;1042172;15007;118111;81038
1025;1561;658580;35046;120824;95983
1042;1590;707738;21002;118300;1526380
321;466;2503;35061;121018;98255
340;494;1044591;42018;121558;39279
2612;4162;659780;52010;122087;101796
3509;3669;659581;29015;119307;1124976
370;532;2563;43008;121614;1495635
3064;4784;659929;23016;118535;1285124
2394;4000;704699;35038;120724;118826
15562;16943;1081485;24018;118723;1331729
832;1244;1086421;32009;120051;1389892
386;555;657967;23016;118552;18324
846;1264;658360;24018;118730;19783
150;4502;659858;33018;120276;96481
119;2501;1094013;52010;122106;71995
1105;1680;1078045;24001;118684;50294
17024;2076;1089831;29021;119375;1427556
967;1455;658499;29017;119304;1388406
16248;15428;1115593;24018;118704;1364438
625;1038;658213;50007;121861;1156619
1174;1772;1093024;23016;118583;1385553
278;403;657876;53001;122255;118988
1847;4153;1113890;26017;119024;1524087
119;163;435;33018;120310;1486653
17410;1850;1081454;41009;121074;75871
2405;1422;1081199;13007;118003;1419718
144;1365;673;35031;120634;33176
2637;4197;1083015;22003;118450;101506
2415;322;373;35046;120828;77118
14675;3610;659561;53001;122240;1498673
1246;1895;1067703;23016;118592;1550688
545;1107;658260;23016;118577;18140
123;167;657761;35061;120967;35956
123;167;582;35061;121020;1360054
16452;3603;25510;35059;120963;98922
1416;2147;1096307;13007;117952;1484206
15801;2005;658933;51007;121919;109543
16452;5555;1060871;35050;120848;1404695
16452;4656;659895;35028;120560;107625
545;793;658105;35061;120990;21270
985;1487;1004316;41037;121350;1074143
113;1557;4001;31030;119752;37282
143;203;1082211;35061;120935;1420155
1204;4362;659828;31030;119748;101112
119;163;1483;33015;120309;50210
1564;1461;658503;29021;119352;60094
418;1042;1003235;41037;121319;20327
3082;4873;1070032;35050;120861;1109279
3389;12268;1073469;41002;121037;1259886
781;1131;1076073;22003;118446;1130234
159;221;1107467;35061;120923;1497549
15689;17352;1056639;21010;118361;1179384
1301;1984;147211;31061;119985;1322849
1174;1255;658354;26017;118984;19852
239;343;1002477;31030;119700;121021
2447;383;657865;15007;118095;1313828
16371;20105;1081411;21002;118259;1454975
435;663;559;26017;119018;43427
1051;1600;658612;31007;119527;54969
15631;17115;1056028;25022;118829;1386864
437;665;2537;35050;120880;15342
492;1299;658384;35002;120358;96444
1175;1773;101642;42001;121398;95935
1847;14321;1078392;23016;118550;1300020
1098;1672;707952;15002;118058;1330420
1612;2469;1112124;16003;118181;117671
560;1196;658314;41009;121099;29083
1590;2440;659146;31002;119520;1385241
435;663;533;33018;120297;31196
127;1586;1053;31052;119875;109539
994;1514;706080;32005;120041;54834
2415;322;693679;35032;120625;59632
418;1042;1080011;41037;121340;1419878
3052;344;1057083;31030;119721;1443526
16452;4826;4233;35032;120594;95139
221;308;405;31065;119945;65924
545;1058;658226;29021;119414;90115
267;4113;659765;52006;122122;1323551
305;437;472;41022;121175;92135
13;13;616;43023;121750;98128
1108;1683;1069881;22003;118468;1501451
16134;1581;695562;31030;119695;79758
299;430;657888;41011;121073;51584
1847;2835;1041305;26017;119040;1276208
789;1379;658437;32009;120087;26765
1023;1556;658576;23016;118537;47069
1176;4141;659773;35050;120845;1453920
1176;1632;658637;41011;121087;118716
119;1510;658542;42016;121535;1396153
119;163;431;33018;120301;49636
13;13;604;43014;121642;122821
16248;1956;1078017;27011;119091;351810
1629;2497;1056112;23016;118524;1386596
268;385;1081356;29021;119411;1429212
16248;3182;1073447;27006;119066;1404455
481;718;139622;24001;118668;98090
1084;1657;658658;41026;121237;48783
471;707;703236;35025;120539;16119
1306;2189;1058649;21002;118274;1331047
1163;1758;658741;29028;119447;1104882
14514;298;2570;41011;121085;38800
14514;1774;658754;41021;121149;1200653
13769;14622;1046710;28005;119127;1104931
1297;1978;1107711;23016;118575;1491513
98;138;28218;35014;120413;49677
1108;1683;658683;22003;118463;1280443
15631;20322;1082224;25016;118786;1405761
1963;3029;659374;15007;118100;100660
560;18147;1065889;41021;121161;1263775
197;275;2000174;35050;120892;401564
15973;2827;659315;22003;118452;100582
16452;1173;659044;53001;122242;1205553
359;518;1037563;53001;122225;1349239
119;163;1052178;33018;120308;111444
780;1854;658817;35026;120577;5668
1008;1536;658561;41019;121145;1151630
360;519;2758;29021;119417;1205023
276;4420;659839;26017;119025;120313
1223;2279;659396;35032;120600;57066
2415;322;372;35050;120851;1258827
16452;1518;1039919;53001;122238;1364383
274;398;518;28013;119141;1420412
485;724;701230;24018;118724;18215
915;1780;1038159;43002;121606;1365810
1297;1978;1055273;23016;118590;1285144
545;1107;1059665;23016;118534;1487378
787;1141;1106831;33018;120306;1545959
16248;2444;1069822;29001;119215;1299521
481;718;3475;24018;118740;97976
17362;254;1105209;35061;120956;1516268
17159;5592;660092;31007;119551;34926
290;417;1002328;35061;120920;8576
17411;458;3507;35061;120916;18455
407;1231;688777;43007;121572;1285080
1025;1561;1073385;35046;120786;99954
313;448;1070052;43026;121726;1313046
2415;322;9529;35020;120505;105454
1534;2343;695587;12004;117937;1177484
2447;383;4015;15007;118116;1323646
787;1141;1043095;33018;120322;1487185
16755;21977;1096065;51017;121992;1371325
328;1080;1004998;33015;120245;1284535
16452;3937;659668;35032;120610;1321782
15801;781;658100;51021;122012;1205640
262;374;1055408;35061;120960;1360188
306;438;657894;35011;120395;1330283
925;3193;1066349;41021;121155;20513
1847;14717;1046564;26008;118902;1283660
943;12523;1080005;43016;121644;1321951
887;1328;688979;26017;119004;1365933
3561;1931;147992;21002;118302;1110362
119;163;1106109;33015;120300;1386488
119;22191;1081354;42008;121411;1408508
119;163;448;33018;120303;4951
119;862;658140;50004;121822;1353410
16452;4655;659894;35046;120780;104846
16452;4655;1057193;35046;120804;1205750
1123;22252;1081540;15018;118178;1396084
891;1334;659109;25017;118773;80865
893;1612;658620;41022;121210;48799
2124;3368;1060817;31050;119887;1087337
505;749;1042301;22003;118465;16625
3440;11429;140684;43010;121574;1441620
751;1076;658240;25002;118757;17924
295;423;225;43003;121613;1186790
16457;20643;1093100;22003;118442;1404439
932;1409;1037949;32009;120070;88082
893;1336;658414;41023;121205;52073
1913;2950;1094323;43026;121757;73476
17830;3980;1057385;53001;122221;1180714
301;432;657890;41011;121103;21284
2415;322;695414;35061;120954;75231
10;10;1496;41011;121081;90214
1344;2043;658956;23026;118637;1172553
321;466;1081876;35028;120579;1454870
3052;344;4231;31030;119758;1550544
16452;3936;102283;35027;120556;1069142
274;4530;659862;27011;119100;104404
1043;1591;658606;16003;118184;98620
13;13;586;43015;121647;32252
1677;2582;659225;41028;121265;55007
1768;2724;699690;21009;118326;75131
1014;1538;658563;53001;122209;1419549
230;330;657839;33018;120239;80028
12440;14947;1069563;17002;118202;1110654
1117;15452;1050080;31026;119657;73184
790;1151;1056473;28011;119159;1304953
545;2380;659119;16003;118191;1285408
119;163;1079857;33018;120238;1404125
488;375;657864;35061;120953;123578
118;162;6168;35061;120982;4891
699;1444;1683;35027;120547;1352129
122;166;657760;31053;119905;5112
481;718;2445;24018;118697;18675
313;448;657900;43026;121720;1169139
1668;2568;659212;29030;119483;1441065
3052;344;1046873;31030;119772;111432
1297;1978;658918;23016;118588;1365809
15990;1292;600114;35035;120671;37942
1134;1717;658711;21009;118356;1405453
305;437;474;41003;121043;1111793
1051;1600;1043210;31007;119533;67584
740;1060;1047118;53001;122211;1280039
2484;3930;659665;22013;118475;92923
445;4429;1056379;50004;121821;1104893
1149;1735;143900;23032;118654;5000983
262;374;706424;35061;120928;114454
1078;1641;23237;29021;119403;48487
147;208;692496;35014;120392;107294
3082;5669;660102;35050;120853;111650
107;1129;658273;35004;120363;32884
1223;2279;1045316;35032;120642;67106
119;163;1880;33010;120194;57214
647;918;658167;41023;121195;1322513
16134;1619;693260;35004;120359;5000876
3040;4751;1061130;41001;121039;1385214
1000;1521;1000144;15007;118088;1189583
1820;2796;659303;52008;122050;1261135
14514;298;1896;41015;121126;1404674
2405;3817;1054601;25022;118857;1280238
17408;1232;706037;41037;121326;111884
1021;1552;131796;22002;118407;1331388
2415;322;9512;35024;120533;18827
16452;376;1107391;35061;121014;1488055
2587;17284;1073258;21002;118258;1179738
1014;1538;1104841;53001;122222;1204947
13938;14715;1046599;35062;120933;1107212
3257;11841;133851;24006;118680;1202263
15801;2944;1047527;29031;119482;1303809
218;2220;1055149;31065;119966;1101464
295;423;226;43007;121595;102077
1204;1818;1063050;31030;119747;1330708
119;163;442;33007;120171;1161911
545;1817;1047334;41037;121318;1282991
1799;2766;1063029;42002;121387;1259100
2405;1422;658468;13007;117951;95047
15883;17887;1077831;35050;120843;1363536
171;1836;1649;35030;120616;1258816
407;627;657994;31050;119878;1260517
781;1131;658275;22003;118438;116722
14514;780;658099;51017;121957;18472
14514;1565;658584;29021;119405;38905
119;1509;658541;31030;119689;66627
16364;3303;1079636;51017;121989;1386600
545;1107;1071933;23016;118568;1349154
2274;3588;659553;29021;119389;91776
16248;14297;1112643;22002;118417;1349299
1174;1772;102260;23016;118532;1283692
1118;1696;658693;52012;122145;1475419
2434;3862;1076740;23005;118487;1384831
412;636;657997;35061;120970;1440446
1120;5511;660079;41029;121268;1188149
885;1325;658404;41010;121088;1441570
2491;3940;659670;35043;120769;96945
119;163;1814;33018;120311;1264888
340;494;1044661;42016;121534;1315428
941;1423;1042466;15007;118075;1440280
1177;2755;1091105;42012;121470;1441984
313;448;541;43026;121709;1204820
273;396;1056556;29021;119409;1350318
449;5439;25918;53001;122195;51281
314;449;410;43026;121753;39204
1246;1895;3349;23016;118591;1330169
780;135;657739;35015;120383;4375
16171;19173;1112201;23026;118627;1404469
369;3515;691887;26014;118963;1204462
3529;12766;1064668;41005;121062;1047075
2415;2241;1061074;31065;119950;1281092
645;916;658165;22003;118440;88084
2447;383;1100494;15007;118093;1536450
2454;1800;658774;41025;121244;48192
16113;1716;1073873;41024;121174;5000176
3052;344;3889;31030;119742;72938
15213;1326;1059506;32009;120054;1349508
355;514;657945;33011;120216;120250
2224;3363;1080027;17003;118210;61284
445;673;658024;50010;121884;15597
16452;5550;660088;52007;122113;69058
17159;5592;699323;31007;119561;117278
437;665;2531;35050;120884;15340
30;30;657689;31049;119868;21613
16452;11308;106297;35032;120593;1303628
1270;1934;1115294;51007;121912;91391
15756;17628;1058702;23013;118522;1352011
2112;3339;659460;43004;121580;112526
159;221;2788;35061;120917;81113
586;845;658133;35017;120461;100966
3438;5362;1063015;28011;119187;120680
15618;2753;659280;29010;119282;68406
2908;4586;659874;52004;122038;1441592
188;265;700564;35040;120737;1457334
314;449;406;43022;121673;19344
2405;1422;705097;13007;117976;46845
907;1362;658428;31064;119947;1330673
16203;19287;1085020;21011;118369;1292428
799;1175;1585;43026;121749;57396
16452;1412;658459;35047;120831;1404657
1629;2497;1043549;23016;118559;1285156
2944;1078;707034;41005;121051;1399480
833;1970;1086805;32012;120119;95996
599;1872;6753;41037;121301;68845
159;221;1543;35061;120969;1139962
221;308;399;31059;119927;51244
120;1149;658285;35046;120832;1184181
849;1273;701928;35047;120789;116693
17571;1968;1063559;28011;119158;1260676
2415;322;374;53001;122213;1323482
1179;1775;658755;26008;118938;1440564
278;878;658146;31039;119795;1516399
211;296;657827;43031;121774;6818
2505;3977;659688;16003;118193;1349759
3575;5544;1054150;17006;118251;1330411
127;1586;1050115;31052;119919;1360063
715;1225;658330;35033;120611;1313449
17024;19206;1110892;23016;118580;1285550
15904;4633;659891;43010;121604;117762
2666;507;657940;31017;119640;10291
119;163;1968;33004;120138;102375
760;1092;699048;35020;120481;1167070
279;404;692110;53001;122218;35316
15775;17670;1058965;23019;118605;1185946
548;796;658108;51021;122014;1205656
366;527;690864;52010;122116;10813
855;1281;131945;35041;120758;80324
16134;1465;1107241;35014;120391;69057
2372;3757;707599;52004;122031;1077431
1564;1645;1105662;29024;119467;91475
98;138;28216;35014;120417;82801
433;661;1487;28011;119161;121041
3237;10685;146404;32005;120033;1105338
15801;781;1048259;51021;122009;1322402
328;475;657924;33015;120233;9772
435;663;658015;33018;120234;72357
277;402;1071952;53001;122260;1349775
262;374;657863;35061;120944;1258985
1416;2147;1049225;13007;117980;1366242
326;472;3061;33018;120325;5001053
404;621;2500004;27011;119090;19072
558;810;658116;41022;121212;1322791
16340;21240;1093075;22003;118434;1404291
779;545;658636;31031;119753;31279
1491;2779;141290;11004;117904;1204603
2447;3879;1076038;25017;118793;108424
114;158;1073412;33018;120273;1396133
404;621;687588;27011;119103;24009
10;10;657676;41037;121343;118476
2415;322;365;35024;120536;122566
1198;1805;1066459;26017;118995;1205049
221;14162;1049102;31037;119821;95239
1671;2571;659215;33001;120130;54861
2405;1422;1033650;13007;117973;107004
1050;1599;658611;31058;119936;54830
14298;349;1000184;31030;119741;29410
446;674;1046638;26006;118901;1487660
1144;1728;658721;11001;117861;72577
3092;18048;1076414;33005;120174;1404577
16027;652;658009;35050;120868;28469
1246;1895;3281;23016;118574;51662
471;707;658482;35026;120580;20750
1887;2910;659344;31004;119557;1352622
475;712;704691;33018;120312;104746
1297;19337;1068718;23016;118571;5001344
902;1351;692741;42008;121427;74432
2417;3840;659130;42010;121458;1161251
2084;3948;659673;42012;121494;5001307
607;1032;658210;35032;120637;30691
2003;3099;1049727;25022;118854;1129071
211;296;686541;43031;121784;6807
16134;3513;700481;35036;120692;16375
325;1419;658466;41037;121303;115692
353;3875;659655;31048;119892;88980
2012;3151;659387;42002;121381;90051
1676;2581;1052177;29021;119361;1260066
2510;3987;659697;52010;122053;5000327
833;1970;1103398;32012;120113;1441542
1721;2647;659254;43018;121658;67569
848;1270;658363;35014;120378;1185903
2084;18201;1061651;42016;121512;5001366
16248;2444;1069815;29001;119209;1321854
2454;1122;658267;35035;120698;1441166
14514;1847;1097857;21009;118355;1404706
222;316;657833;35061;120991;20018
98;138;28217;35014;120389;19010
1812;2787;1095611;41037;121358;91175
2415;2148;658233;17006;118236;1331636
905;1100;1109042;35061;120962;1513924
560;17632;1065896;41011;121113;1263812
268;385;7952;29012;119289;1258991
111;1363;691252;29021;119357;1204988
215;3983;659694;31044;119841;118334
15768;17666;1059519;15017;118174;1189395
2476;4101;659760;52010;122058;117454
3127;4901;659964;51007;121911;78275
14143;2484;1006023;53001;122235;90659
270;4522;3877;35017;120447;1115111
228;4722;659908;31065;119955;1279732
1204;1818;1006546;31030;119696;1260462
3438;5362;1062824;28011;119139;1299632
2449;3881;1048639;26003;118862;1205294
2415;322;368;35014;120420;18774
16452;3612;659563;35032;120627;100497
914;1381;658438;13007;117993;108718
30;30;610;31043;119849;1386542
1308;2149;1060664;50004;121828;74094
824;1227;658332;29001;119208;48567
2415;322;9522;35039;120748;51373
1404;2132;658996;12004;117935;98738
384;3966;626;31040;119781;82778
314;449;688663;43026;121707;75336
16452;4138;659772;35032;120615;1303598
1204;2271;1077762;31039;119780;96432
189;266;1033689;35032;120614;6423
121;165;1053076;33010;120180;65190
15215;15859;1076069;35038;120729;1352312
1033;1574;658591;41024;121211;91089
2084;17277;1077944;42019;121564;1364863
370;532;657956;43008;121597;19026
1085;1658;696081;23016;118553;1366267
821;1472;1093461;42012;121485;50876
550;798;658110;32006;120042;16973
437;665;2540;35050;120858;84419
543;3985;2993;35049;120898;21842
305;437;471;41022;121222;102772
17571;1893;1075985;29012;119286;1192074
1400;2124;658990;31048;119895;105856
16134;915;4003;50010;121877;101194
1580;2428;659139;31050;119913;1300175
607;1032;414;35051;120862;1155202
902;4045;1118532;41037;121348;1443191
14514;2437;659144;29032;119512;1300032
16452;671;706710;50004;121817;41701
211;296;600118;43029;121778;18513
160;222;1045282;35003;120367;5884
453;1840;658804;32003;120009;15696
14514;1945;658894;51006;121920;1284137
404;621;657989;27011;119108;18900
3488;4096;1061341;43026;121756;1071985
902;19257;659183;31043;119850;81052
910;1375;689210;51014;121950;20474
770;15508;1076416;22003;118445;1128958
57;4858;659953;26004;118860;1408888
1101;1676;658676;26017;118976;1353283
1032;1573;658590;52010;122084;39672
560;18147;1080933;41021;121167;1207490
305;437;24877;41002;121042;9029
12705;13792;1076240;11006;117897;1454489
91;5312;703614;35048;120813;21303
475;712;1051323;33018;120319;1154113
404;17224;1073442;27005;119058;2500021
354;513;33661;31037;119777;10350
2131;3375;659469;21017;118386;73782
407;1506;1112200;42013;121481;1205435
407;2334;1048375;33009;120190;68442
525;4255;101190;11006;117917;19919
1390;20547;1097297;23008;118515;1324795
711;1014;6791;42008;121438;1470250
268;385;1112303;29021;119407;1520555
235;1825;1073282;31030;119763;50248
1288;1962;703282;33003;120154;97775
363;522;687214;33018;120270;31802
2371;3756;659605;31014;119565;1116037
1891;2915;659347;31020;119595;89784
1002;1523;658551;41026;121238;21780
14228;14901;1080012;15021;118172;1388437
15561;16898;1055378;15011;118132;1161926
2415;322;371;35004;120354;1258854
16452;4495;659855;42008;121440;1330502
211;296;746;43030;121782;6839
17342;14242;1093427;31039;119820;101868
218;5276;1116430;31063;119982;106742
119;163;705998;33018;120287;88726
336;489;657929;33011;120200;45492
343;1420;692200;35034;120667;1487491
485;724;1067796;24018;118736;81012
2274;3588;6815;29021;119435;1513923
772;1115;658264;21002;118311;1405878
2224;3518;1096058;42008;121414;95147
278;2365;659111;17006;118224;1550578
2415;322;1573;35027;120548;99122
336;489;1001639;33011;120202;45494
1616;12749;1070716;29024;119472;1046782
1142;1726;658719;41021;121157;74222
1416;2147;1095904;13007;117999;1453384
17024;2076;1057393;29021;119373;1279526
14514;780;1626;51017;121971;101253
274;1709;32061;26017;118977;118608
519;763;658088;52010;122112;20690
16452;13133;1113137;52010;122063;1123253
2124;3368;143236;31050;119897;29030
304;4010;659713;43026;121747;75726
588;1462;693539;25022;118805;1283849
607;1032;2772;35032;120613;1520006
242;346;1057062;35027;120575;21246
211;296;686539;43031;121768;6817
271;1355;658423;35021;120470;1365111
82;1844;658808;35016;120465;1165141
787;1141;658280;33018;120261;1541365
1177;4157;659779;42011;121476;1205016
560;18147;1069116;41021;121139;1292487
235;337;3511;31065;119967;50042
314;451;698512;15002;118051;9422
1493;2297;659076;43018;121666;67110
88;124;1053795;35024;120531;118275
2923;1359;660100;32002;120005;1387872
365;526;25802;35062;121004;1525756
314;453;686979;17006;118234;19967
1702;2620;1082344;41025;121243;87452
891;1334;145597;25017;118778;1258515
1847;18651;1081236;14001;118029;1389773
14970;15383;1055724;15019;118173;1322695
3092;4846;659949;31061;119944;1188900
924;1396;658448;41024;121183;1138833
119;163;428;33003;120147;111178
545;1077;1070473;26017;118973;1403873
1132;1790;23226;29032;119492;1389472
404;621;2500002;27011;119081;18901
585;1307;1055349;35038;120727;57800
1433;2186;1055700;13007;117982;100468
880;1319;1078104;31002;119523;108698
2274;3588;1081467;29001;119207;51678
305;437;475;41023;121213;83114
10;10;2068;41022;121218;80610
849;1273;658945;35047;120811;1305322
314;449;703734;43009;121593;1285291
230;330;349;33001;120126;19294
545;2460;659158;24018;118707;108232
16134;3793;659629;31021;119599;90220
2559;823;1074131;21002;118286;1377533
3040;4751;1082494;41001;121029;1454463
1236;1880;1050147;32006;120039;57398
1092;1666;658667;31030;119749;48714
1277;4950;706903;51017;121994;117242
239;343;24367;31030;119683;53314
194;271;1082293;35021;120468;1408262
221;14101;1093392;31054;119894;120840
2224;3363;659464;17003;118220;1330856
437;665;2542;35050;120867;31198
384;3966;4346;31016;119581;1383078
525;12758;1077984;11001;117868;1108254
15801;1587;1048213;51013;121946;1189695
16134;270;657814;35037;120716;97249
295;423;224;43004;121573;122800
902;1618;658626;42012;121498;1405849
14514;19781;1106889;31065;119965;1305534
16130;12748;1063358;50010;121879;1260179
118;162;1081212;35046;120819;1387314
1263;1918;658871;42018;121568;1441345
2415;322;9543;52010;122085;1438751
2605;4150;659777;35028;120557;1176065
119;163;1061171;33011;120223;1205354
1216;1834;100073;35020;120503;48480
190;267;133433;32009;120059;18790
16750;5107;1068229;43026;121731;116986
119;163;430;33018;120316;4959
314;449;1779;43018;121664;59538
981;1491;1040075;41037;121299;1314231
1612;2469;659166;16003;118201;57258
1847;1504;1068075;27011;119068;1282841
278;2365;8546;17006;118250;99851
321;466;2508;35061;120972;98209
16058;18471;1065371;26003;118861;1387669
821;2175;1042049;42012;121496;1059323
848;17803;1059663;35004;120346;1208837
1138;19943;1070693;11001;117867;1307547
2415;322;600211;35027;120584;1265730
295;423;227;43017;121660;64020
1226;1862;1071679;32008;120060;1161246
114;158;657753;33018;120290;1397983
221;14248;1057273;31018;119615;1178606
16134;886;658150;35032;120595;1165500
16079;19408;1106100;29010;119272;1292298
1391;2113;658983;43026;121751;106816
119;163;1052443;33018;120293;90539
924;1396;1056951;41024;121215;1121426
53;68;685895;35018;120460;3542
1638;2513;659186;41011;121071;1441244
14514;298;1000701;41011;121115;1107815
221;14248;1050142;31018;119598;84798
460;692;658034;26005;118893;83126
16134;1545;658569;35043;120764;48817
481;718;658051;24018;118718;16250
924;1396;1051166;41024;121221;1325890
370;532;597;43001;121603;65220
1684;2593;1108410;23032;118651;1539194
735;3754;690337;31057;119933;1257740
71;18874;659774;27013;119098;81314
16452;1456;658500;35014;120421;116436
2415;3786;1058919;31030;119771;1280807
1562;2397;659125;32009;120095;74162
119;2501;659181;52010;122059;1304680
715;828;658122;31054;119889;5000032
15801;1587;658748;51013;121943;83372
1109;5520;660081;14001;118034;81040
1847;18651;1065688;14001;118026;1389552
1032;11862;1048049;29004;119236;1135089
15932;18062;1113695;11007;117925;1210856
11897;3448;659494;31007;119544;74301
1336;4849;702329;17002;118207;1177910
3547;4094;659754;25022;118839;1388285
838;1253;658352;31065;119973;99325
16452;671;660;50004;121839;15554
16134;1562;693741;35016;120453;47579
1343;2042;1055274;27011;119084;1205615
16452;1045;658217;35027;120585;52554
268;385;6999;29021;119423;1265455
13;13;685576;43016;121637;1424964
17161;2443;659149;31004;119562;1284836
295;423;229;43006;121600;1150799
305;437;476;41026;121234;1185526
1153;1743;658732;35061;121024;120444
1444;2200;139055;31004;119542;1203441
14675;3610;1090474;53001;122253;114985
1629;2497;659178;23016;118593;1306413
126;171;657763;31052;119900;5187
437;665;2543;35050;120844;15345
1223;1030;1056587;33018;120257;1284940
235;337;657841;31065;119957;1526633
27;27;657687;31050;119920;91271
279;404;2292;53001;122251;20697
2405;1422;691754;13007;117998;21151
2371;14156;1103541;31015;119578;1189370
1286;1952;658900;51011;121935;65471
1137;1721;1050737;31062;119972;100480
147;208;692522;35063;120913;1427419
14416;14951;1075970;41009;121086;1323832
305;437;473;41001;121032;18933
314;449;412;43027;121704;19350
189;266;657810;35028;120566;59115
268;385;696292;29021;119394;39502
14514;298;272;41010;121117;18127
607;1032;698327;35028;120552;1349629
1207;1822;658788;52010;122107;103272
408;5599;660094;31048;119898;71853
3052;344;1109171;31030;119709;1520528
437;665;2534;35050;120899;1202223
715;1225;1047532;35033;120665;1186744
274;22514;1082343;26017;118966;1408505
519;3783;1073875;15007;118109;5000864
2818;4452;1095665;15020;118159;100654
15801;2973;659364;51019;122018;68918
17396;4847;659950;24001;118693;1364196
2095;18474;1065360;52017;122167;1262463
2084;3295;1054487;42016;121542;5001256
16134;1204;658319;50010;121885;18799
994;1514;1075987;32005;120024;1547951
384;3966;35253;31040;119806;121576
16180;18978;1104977;25017;118796;1383209
2415;322;9513;35017;120463;5000422
295;423;600037;43004;121588;1186045
15559;16879;1093640;26017;118967;1168313
16129;18814;1072702;23002;118490;1325173
545;1547;658571;23032;118640;37304
924;1396;1066310;41024;121182;91195
435;663;2463;31065;119993;109136
274;1709;1063658;26017;118989;1518497
1742;2687;659263;43020;121691;67270
437;665;2532;35050;120895;1153311
1721;2647;1067092;43018;121668;96094
218;1909;658866;31039;119809;51235
360;519;2760;29021;119396;310495
17024;22420;1108091;27011;119070;1406732
1924;2971;1045555;35009;120390;59060
248;355;451;41037;121366;95903
16343;5473;660077;29003;119211;82550
1260;1913;658868;31063;119964;1367476
14514;1233;658338;51017;121967;46972
17024;15667;1108076;29004;119226;1434214
404;17226;1110692;27006;119056;2500024
15990;1292;658378;35035;120677;21103
560;18726;1080852;41037;121357;1264020
412;944;658177;33018;120288;1284874
925;3193;1058565;41021;121164;88834
832;23318;1103017;32012;120111;1438629
98;138;657741;35014;120431;19014
2865;4532;659864;50004;121815;5001320
787;1141;1106834;33018;120242;1517128
615;881;688038;35039;120747;24235
3135;4915;659967;15008;118096;1073313
15769;17667;1059278;15019;118165;1187544
545;22202;1089994;29004;119218;1399618
2865;19324;1069531;50010;121871;1292451
447;1356;1049953;35001;120328;1483773
14626;15032;1048576;42004;121379;65977
560;24488;1105135;50001;121800;1485621
103;143;657746;31022;119591;20360
915;1382;658439;43026;121741;1073438
1390;17394;1099300;23005;118489;1178039
15617;17565;1058212;22002;118406;1180318
14514;780;1077974;51017;121985;71466
268;385;1055878;29021;119374;20036
321;466;1082291;35050;120842;1408259
278;878;1000;31039;119824;115672
119;22076;1089995;29017;119299;1399614
1715;2642;659252;27003;119044;1163839
435;663;534;52010;122045;108978
15861;17831;1061289;52017;122164;1206338
88;124;1037253;35024;120518;20086
17410;1850;1043345;41009;121090;54783
16063;2775;659293;51017;121988;1351681
378;546;1793;35046;120775;11233
1144;1515;658545;11001;117880;1351594
