semestre;cod_preferencia;1_semestre_fies;2_semestre_fies;3_semestre_fies;4_semestre_fies;5_semestre_fies;6_semestre_fies;7_semestre_fies;8_semestre_fies;9_semestre_fies;10_semestre_fies;11_semestre_fies;12_semestre_fies
1;118659;8376,55;9579,26;9579,21;9579,21;9579,15;9579,1;10662,07;10786,99;0;0;0;0
1;118899;5220;5220;5220;5220;5220;5220;5220;5220;0;0;0;0
1;119104;2879,4;2879,4;2879,4;2879,4;2879,4;2879,4;2879,4;2879,4;0;0;0;0
1;120964;5700;5700;5700;5700;5700;5700;5700;0;0;0;0;0
1;121354;4194;4194;4509,68;4509,68;0;0;0;0;0;0;0;0
1;120924;7620;6728,88;6303,12;6424,38;7471,68;7294,56;8489,04;8892,78;0;0;0;0
1;117966;3300;3300;3300;4216,67;4216,67;4216,67;4216,67;4216,67;4216,67;4216,67;0;0
1;120919;4013,46;3804;3844,8;2582,82;5673,87;4074,35;4637,21;2915,55;2915,55;2915,55;0;0
1;121441;4854;4794;5642,3;4741,38;6752,7;6442,92;7253,96;6238,94;0;0;0;0
1;120958;3359,4;3359,4;3359,4;3359,4;3359,4;3359,4;3359,4;3359,4;0;0;0;0
1;117997;4100,52;4100,52;4100,52;4100,52;4100,52;4100,52;4100,52;4100,52;4100,52;4100,52;0;0
1;122072;9969;9969;9969;9969;9969;9969;9969;9969;9969;9969;0;0
1;120240;8136;8136;8136;8136;8136;8136;8136;8136;8136;8136;0;0
1;122194;10475,7;10475,7;10475,7;10475,7;10475,7;10475,7;10475,7;10475,7;10475,7;10475,7;0;0
1;118975;6810,9;6810,9;6810,9;6810,9;6810,9;6810,9;6810,9;6810,9;6810,9;0;0;0
1;119258;6839,5;6839,5;6839,5;6839,5;6839,5;6839,5;6839,5;6839,5;6839,5;6839,5;0;0
1;120998;5101,5;5101,5;5602,98;5602,98;6153,75;6153,75;6758,66;6758,66;0;0;0;0
1;120999;1736,33;1736,33;1736,33;1736,33;0;0;0;0;0;0;0;0
1;120978;4548;4548;4548;4548;4548;4548;4548;4548;0;0;0;0
1;121645;11389,18;11389,18;11389,18;11389,18;11389,18;11389,18;11389,18;11389,18;0;0;0;0
1;119722;5219,4;5219,4;5219,4;5219,4;5219,4;5219,4;5219,4;5219,4;0;0;0;0
1;120250;3239,4;3239,4;3239,4;3239,4;3239,4;3239,4;0;0;0;0;0;0
1;120280;2880;3389,46;3389,46;2824,56;3389,46;3389,46;3389,46;3389,46;0;0;0;0
1;119291;13944,42;13944,42;13944,42;13944,42;13944,42;13944,42;13944,42;13944,42;13944,42;13944,42;0;0
1;120938;13662;13662;13662;13662;13662;13662;13662;13662;13662;13662;0;0
1;118298;5454;5034;5424,05;4495,01;6598,04;8301,6;10846,58;10076,9;10946,88;8820,77;0;0
1;119443;7548;7548;7548;7548;7548;7548;7548;7548;7548;7548;0;0
1;118818;5392,62;3571,74;4410,66;8412,84;8412,84;8412,84;8412,84;8412,84;8412,84;8412,84;0;0
1;121833;5154;4794;5834,64;4055,9;4055,9;4055,9;4055,9;4055,9;4055,9;4055,9;0;0
1;120936;4134,18;4104;5128,56;3889,35;5064,53;4964,27;6114,38;6989,85;7612,65;6660,77;0;0
1;118108;5579,4;5579,4;5579,4;5579,4;5579,4;5579,4;5579,4;5579,4;0;0;0;0
1;119142;5279,4;5279,4;5279,4;5279,4;5279,4;5279,4;5279,4;5279,4;5279,4;5279,4;0;0
1;119212;4026;4026;4026;4026;4026;4026;4026;4026;0;0;0;0
1;120298;6907,86;6907,86;6907,86;6907,86;6907,86;6907,86;6907,86;6907,86;0;0;0;0
1;119899;4791,67;4791,67;4791,67;4791,67;4791,67;4791,67;4791,67;4791,67;4791,67;4791,67;0;0
1;120628;3575,25;3575,25;3575,25;3575,25;3575,25;3575,25;3575,25;0;0;0;0;0
1;117886;9650,1;9650,1;9650,1;9650,1;9650,1;9650,1;9650,1;9650,1;0;0;0;0
1;118381;7438,23;7438,23;7438,23;7438,23;7438,23;7438,23;7438,23;7438,23;7438,23;7438,23;0;0
1;120260;3957,6;3957,6;3957,6;3957,6;3957,6;3957,6;3957,6;3957,6;3957,6;3957,6;0;0
1;120945;4194,21;4193,65;4675,98;4591,51;5119,6;5008,92;5585,02;5585,02;5585,02;5585,02;0;0
1;119756;6509;6509;6509;6509;6509;6509;6509;6509;0;0;0;0
1;120641;6242,4;6242,4;6242,4;6242,4;6242,4;6242,4;12024;12024;12024;12024;0;0
1;118565;2430;2430;2673;2673;0;0;0;0;0;0;0;0
1;118299;4008;4008;4008;4008;4008;4008;4008;4008;0;0;0;0
1;117962;5946,4;5946,4;5946,4;5946,4;5946,4;5946,4;5946,4;5946,4;5946,4;5946,4;0;0
1;119016;2350,81;2350,81;2350,81;2350,81;2350,81;2350,81;2350,81;2350,81;0;0;0;0
1;118443;5324,2;5324,2;5324,2;5324,2;5324,2;5324,2;5324,2;5324,2;5324,2;5324,2;0;0
1;119713;9516;9516;9516;9516;9516;9516;9516;9516;9516;9516;0;0
1;120992;2850;3348;4638;4638;5796;5796;8118;8118;9276;9276;0;0
1;118653;7638;7638;7638;7638;7638;8401,8;8401,8;8401,8;8401,8;8401,8;0;0
1;119377;4734;3894;4486,7;3283,65;4628,43;6257,48;8752,19;9775,58;9749,25;7838,1;0;0
1;121995;10641,3;10641,3;10641,3;10641,3;10641,3;10641,3;10641,3;10641,3;0;0;0;0
1;118317;15498,3;15498,3;15498,3;15498,3;15498,3;15498,3;15498,3;15498,3;15498,3;15498,3;0;0
1;118536;2306,34;2306,34;2306,34;2306,34;2306,34;0;0;0;0;0;0;0
1;121730;5719,16;5719,16;5719,16;5719,16;5719,16;4575,33;5719,16;5147,25;0;0;0;0
1;119642;4538,22;4538,22;4538,22;4538,22;4538,22;4538,22;4538,22;4538,22;4538,22;4538,22;0;0
1;119408;2703,75;2703,75;2703,75;2703,75;2703,75;2703,75;2703,75;2703,75;2703,75;2703,75;0;0
1;117979;2452,1;2452,1;2452,1;2452,1;2452,1;2452,1;2452,1;2452,1;0;0;0;0
1;122198;4309,68;4309,68;4309,68;4309,68;4309,68;4309,68;0;0;0;0;0;0
1;121491;4540,8;4540,8;4540,8;4540,8;4540,8;4540,8;6811,2;6811,2;0;0;0;0
1;119641;4627,26;4627,26;4627,26;4627,26;0;0;0;0;0;0;0;0
1;120940;3315;3906;5142;5142;6498;6498;7446;7446;8796;8796;0;0
1;119364;4974;4794;5128,75;4444,74;6236,91;5724,45;6188,27;9098,87;10641,83;8139,38;0;0
1;118009;3703,74;2552,4;2379,18;2647,74;3106,21;3471,41;4138,2;4551,68;0;0;0;0
1;118024;4499,4;4499,4;4499,4;4499,4;4499,4;4499,4;4499,4;4499,4;4499,4;4499,4;0;0
1;119687;4888,28;4745,85;4745,85;5045,21;5304,19;6208,48;5912,84;6208,48;0;0;0;0
1;120966;8868;8088;8018,4;7414,74;8135,46;7606,62;8344,32;7713,3;0;0;0;0
1;120986;10488;8988;9484,8;8766,96;9619,08;9034,74;9912,9;9800,88;0;0;0;0
1;119330;8646;8646;8646;8646;8646;8646;8646;8646;8646;8646;0;0
1;118974;4559,4;4559,4;4559,4;4559,4;4559,4;4559,4;4559,4;4559,4;4559,4;4559,4;0;0
1;119146;3870,72;3870,72;3870,72;3870,72;3870,72;0;0;0;0;0;0;0
1;118444;5749,55;5749,55;5749,55;5749,55;5749,55;5749,55;5749,55;5749,55;5749,55;5749,55;0;0
1;120687;10038;9840;9840;9840;9840;9840;9840;9840;9840;9840;0;0
1;120713;5436;5328;5328;5328;5328;5328;0;0;0;0;0;0
1;119261;9238,35;9238,35;9238,35;9238,35;9238,35;9238,35;9238,35;9238,35;9238,35;9238,35;0;0
1;121562;5099,44;5099,44;5099,44;5099,44;5099,44;5099,44;6119,32;6119,32;7649,16;6629,27;0;0
1;120441;3654;3654;3654;3654;3654;3654;3654;3654;3654;3654;0;0
1;121619;11832;11832;11832;11832;11832;11832;11832;11832;0;0;0;0
1;117968;6555;6555;6555;6555;6555;6555;6555;6555;6555;6555;0;0
1;120826;5173,74;5173,74;5173,74;5173,74;5173,74;5173,74;5173,74;5173,74;0;0;0;0
1;119548;5860,8;5860,8;5860,8;5860,8;5860,8;5860,8;5860,8;5860,8;0;0;0;0
1;119491;5880;5880;5880;5880;5880;5880;5880;5880;5880;5880;0;0
1;120545;3715,2;3609,6;3609,6;3504;3609,12;3505,29;0;0;0;0;0;0
1;118073;5272,9;5272,9;5272,9;5272,9;5272,9;5272,9;5272,9;5272,9;0;0;0;0
1;120489;2650;3108;3108;3882;3882;3882;3882;3882;0;0;0;0
1;121748;18594;18594;18594;18594;18594;18594;18594;18594;18594;18594;0;0
1;120997;6395,04;6395,04;6395,04;6395,04;6395,04;6395,04;6395,04;6395,04;6395,04;0;0;0
1;122200;5897,45;5897,45;5897,45;5897,45;5897,45;5897,45;5897,45;5897,45;0;0;0;0
1;121676;12322,08;12322,08;12322,08;12322,08;12322,08;12322,08;12322,08;12322,08;12322,08;12322,08;0;0
1;120252;3957,6;3957,6;3957,6;3957,6;3957,6;3957,6;3957,6;3957,6;3957,6;3957,6;0;0
1;120927;3517,98;3653,79;6023,97;6256,48;7797,54;0;0;0;0;0;0;0
1;118700;5039,4;5039,4;5039,4;5039,4;5039,4;5039,4;5039,4;5039,4;5039,4;5039,4;0;0
1;120939;2994,12;3504;3202,94;2807,73;3439,71;3499,56;0;0;0;0;0;0
1;119847;4254;4194;4486,9;4197,51;5964,93;6085,98;6842,43;6313,1;0;0;0;0
1;121000;3474,06;3731,16;3988,8;4245,9;4503,54;4760,64;5018,28;5275,38;0;0;0;0
1;121820;5579,4;5579,4;5579,4;5579,4;5579,4;5579,4;5579,4;5579,4;5579,4;5579,4;0;0
1;120199;5339,4;5339,4;5339,4;5339,4;5339,4;5339,4;5339,4;5339,4;0;0;0;0
1;120320;7859,4;7859,4;7859,4;7859,4;7859,4;0;0;0;0;0;0;0
1;121525;11424;11424;11424;11424;11424;11424;11424;11424;0;0;0;0
1;120498;6144;6144;6144;6512,54;6683,33;7084,32;7084,32;7084,32;7084,32;7084,32;0;0
1;120264;5999,4;5999,4;5999,4;5999,4;5999,4;5999,4;5999,4;5999,4;5999,4;5999,4;0;0
1;119991;4859,4;4859,4;4859,4;4859,4;4859,4;4859,4;4859,4;4859,4;0;0;0;0
1;118734;3605,3;3605,3;3605,3;3605,3;3639,83;3589,24;3589,24;3589,24;0;0;0;0
1;117881;4594,35;4594,35;4594,35;4594,35;4594,35;4594,35;4594,35;4594,35;0;0;0;0
1;120987;14724,96;13806,63;13848,96;13848,96;13848,96;13848,96;13848,96;13848,96;0;0;0;0
1;120770;3060;3060;3240;3240;3420;3420;3540;3540;0;0;0;0
1;119618;4680;4680;4680;4680;4680;4680;4680;4680;4680;4680;0;0
1;120888;3414,3;3414,3;3414,3;3414,3;0;0;0;0;0;0;0;0
1;120929;6408;6408;6408;6408;6408;0;0;0;0;0;0;0
1;120885;5523,84;5523,84;5523,84;5523,84;5523,84;5523,84;5523,84;5523,84;5523,84;5523,84;0;0
1;118618;3900;3900;3900;3900;3900;3900;3900;3900;3900;3900;0;0
1;122048;24000;24000;24000;24000;24000;24000;24000;24000;24000;24000;0;0
1;120912;47568;47568;47568;47568;47568;47568;47568;47568;47568;47568;47568;47568
1;119711;5459,08;5459,08;5459,08;5459,08;5459,08;5459,08;5459,08;5459,08;5459,08;5459,08;0;0
1;119351;9086,28;9676,89;10305,89;10975,77;11689,19;12448,99;13258,18;14119,96;0;0;0;0
1;119160;3324;3324;3324;3324;3324;3324;3324;3324;0;0;0;0
1;119708;5848,94;5848,94;5848,94;5848,94;5848,94;5848,94;5848,94;5848,94;5848,94;5848,94;0;0
1;119314;8922;8922;8922;8922;8922;8922;8922;8922;8922;8922;0;0
1;120640;5830,02;5093,13;4932,23;5398,79;5996,92;6702,79;6707,38;7296,17;6720,21;7104,38;0;0
1;119265;4794;4674;5000,4;4197,51;6316,56;5710,55;6193,53;5937,66;5937,66;5937,66;0;0
1;120946;4022,55;3706,98;3482,82;3482,82;3482,82;5070,74;5589,05;5589,05;5589,05;5589,05;0;0
1;118294;6354;6744;7214,93;6052,46;8329,32;8097,66;12165,48;11282,04;12571,65;9798,75;0;0
1;122243;3179,4;3179,4;3179,4;3179,4;3179,4;3179,4;3179,4;3179,4;0;0;0;0
1;120931;7974,3;7974,3;7974,3;7974,3;7974,3;7974,3;7974,3;7974,3;7974,3;7974,3;0;0
1;121531;7530;7530;7530;7530;7530;7530;7530;7530;7530;7530;0;0
1;120284;3706,11;3706,11;3706,11;3706,11;0;0;0;0;0;0;0;0
1;120994;2540;2976;4128;4128;5676;5676;6702;6702;0;0;0;0
1;122147;9346,8;9346,8;9346,8;9346,8;9346,8;9346,8;9346,8;9346,8;0;0;0;0
1;118499;2653,75;2653,75;3178,98;3455,41;3925,35;4008,27;2239,11;1439,47;0;0;0;0
1;120947;4739,4;4739,4;4739,4;4739,4;4739,4;4739,4;4739,4;4739,4;4739,4;4739,4;0;0
1;120538;3486;3486;3660;3660;3810;3810;4254;4254;0;0;0;0
1;120649;3216,54;3216,54;3216,54;3216,54;0;0;0;0;0;0;0;0
1;117929;4428,66;4428,66;4428,66;4428,66;4428,66;0;0;0;0;0;0;0
1;118001;6389,2;7667,04;7028,12;7667,04;8944,87;7667,04;7667,04;6389,2;7028,12;5750,28;0;0
1;120836;12474;12474;12474;12474;12474;12474;12474;12474;12474;12474;0;0
1;118262;8094,6;8094,6;8094,6;8094,6;8094,6;8094,6;8094,6;8094,6;0;0;0;0
1;121044;5640;5640;5640;5640;5640;5640;5640;5640;0;0;0;0
1;118619;6402;6402;6402;6402;6402;6402;6402;6402;6402;6402;0;0
1;120795;4507,2;4507,2;4507,2;4507,2;4507,2;7286,64;7286,64;7286,64;7286,64;7286,64;0;0
1;120507;9594;9594;10314;10314;11640;11640;11640;11640;13194;13194;0;0
1;121965;4776,03;4776,03;5253,63;5253,63;5779;5779;6356,9;6356,9;0;0;0;0
1;118368;2960,64;2960,64;2960,64;2960,64;2960,64;2960,64;2960,64;2960,64;0;0;0;0
1;118530;2879,4;2879,4;2879,4;2879,4;2879,4;2879,4;0;0;0;0;0;0
1;120098;5262,64;5262,64;5262,64;5262,64;5262,64;5262,64;5262,64;5262,64;0;0;0;0
1;121001;3168;3168;3168;3168;3168;3168;3168;3168;0;0;0;0
1;120434;5548,55;5548,55;5548,55;5548,55;5548,55;5548,55;5548,55;5548,55;5548,55;5548,55;0;0
1;122149;2754;2574;2882,11;1726,2;0;0;0;0;0;0;0;0
1;119446;5525,8;5525,8;5525,8;5525,8;5525,8;5525,8;5525,8;5525,8;0;0;0;0
1;121347;4793,88;9526,56;9526,56;9526,56;9526,56;9526,56;9526,56;9526,56;0;0;0;0
1;121254;4633,13;4633,13;4633,13;4633,13;4633,13;0;0;0;0;0;0;0
1;120366;3030;3030;3030;3030;0;0;0;0;0;0;0;0
1;121002;2994,01;2993,5;3337,79;3277,94;3654,94;4297,35;4791,59;4682,61;0;0;0;0
1;120304;6442,08;7914,56;7914,56;7914,56;7914,56;7914,56;7914,56;7914,56;0;0;0;0
1;121715;5896,8;5896,8;5896,8;5896,8;5896,8;5896,8;5896,8;5896,8;0;0;0;0
1;121351;4401,18;4401,18;4401,18;4401,18;4401,18;4401,18;4401,18;4401,18;0;0;0;0
1;119287;3359,4;3359,4;3359,4;3359,4;3359,4;3359,4;3359,4;3359,4;0;0;0;0
1;119704;9516;9516;9516;9516;9516;9516;9516;9516;9516;9516;0;0
1;120644;3654,18;3804;3844,8;3456,68;5918,99;4551,75;5650,16;6011,82;0;0;0;0
1;119133;5590,38;5590,38;5590,38;5590,38;5590,38;5590,38;5590,38;5590,38;5590,38;5590,38;0;0
1;119402;4392;4392;4392;4392;4392;0;0;0;0;0;0;0
1;122098;5928,9;5928,9;5928,9;5756,22;5928,9;5756,22;5928,9;5756,22;5928,9;5756,22;0;0
1;118069;13010,4;13010,4;13010,4;13010,4;13010,4;13010,4;13010,4;13010,4;13010,4;13010,4;0;0
1;122199;5361,29;5537,48;5273,79;5836,81;5744,16;7835;7461,9;8096,16;0;0;0;0
1;118111;5970;5970;5970;5970;5970;5970;5970;5970;5970;5970;0;0
1;120824;4944;4944;4944;7554;7554;7794;7794;8262;8262;8262;0;0
1;118300;3119,4;3119,4;3119,4;3119,4;3119,4;3119,4;0;0;0;0;0;0
1;121018;8448;7788;7712,64;7129,08;0;0;0;0;0;0;0;0
1;121558;8304;8304;8304;8304;8304;8304;8304;8304;0;0;0;0
1;122087;4332,31;4332,31;4332,31;4332,31;4332,31;0;0;0;0;0;0;0
1;119307;3585,3;3585,3;3585,3;3585,3;3585,3;3585,3;3585,3;3585,3;0;0;0;0
1;121614;9601,75;9601,75;9601,75;9601,75;0;0;0;0;0;0;0;0
1;118535;2816,2;2816,2;2816,2;2816,2;2816,2;0;0;0;0;0;0;0
1;120724;4656;4656;4656;4656;4656;4656;4656;4656;0;0;0;0
1;118723;1198,96;1198,96;1198,96;1198,96;1198,96;1198,96;1198,96;1198,96;0;0;0;0
1;120051;4794;5718;6006;6006;6366;6366;6366;6366;6366;6366;0;0
1;118552;11880;11880;11880;11880;11880;11880;11880;11880;11880;11880;0;0
1;118730;7384,8;7384,8;7384,8;7384,8;7384,8;7384,8;7384,8;7384,8;7384,8;7384,8;0;0
1;120276;2928,15;3346,46;3764,76;4183,07;3764,76;3764,76;4183,07;4183,07;0;0;0;0
1;122106;3299,4;3299,4;3299,4;3299,4;3299,4;3299,4;3299,4;3299,4;0;0;0;0
1;118684;4680;4680;4680;4680;4680;4680;4680;4680;0;0;0;0
1;119375;10812;10812;10812;10812;10812;10812;10812;10812;10812;10812;0;0
1;119304;6195,9;6195,9;6195,9;6195,9;6195,9;6195,9;6195,9;6195,9;6195,9;6195,9;0;0
1;118704;5088;5088;5088;5088;5088;5088;5088;5088;0;0;0;0
1;121861;3900;3900;3900;3900;0;0;0;0;0;0;0;0
1;118583;6470,58;6470,58;6470,58;6470,58;6470,58;6470,58;6470,58;6470,58;0;0;0;0
1;122255;7887,42;7887,42;7887,42;7887,42;0;0;0;0;0;0;0;0
1;119024;1724,61;1724,61;1724,61;1724,61;1724,61;1724,61;1724,61;1724,61;0;0;0;0
1;120310;4619,4;4619,4;4619,4;4619,4;4619,4;4619,4;4619,4;4619,4;0;0;0;0
1;121074;7194;7194;7625,64;7625,64;8006,94;8083,2;8484,24;8565,06;9078,12;9164,58;0;0
1;118003;1871,07;1871,07;1871,07;1871,07;0;0;0;0;0;0;0;0
1;120634;5100;5100;5100;5100;5100;5100;5100;5100;0;0;0;0
1;118450;1936,59;1936,59;1936,59;1936,59;1936,59;1936,59;1936,59;1936,59;0;0;0;0
1;120828;2427,66;2118,75;2055,75;2209,87;0;0;0;0;0;0;0;0
1;122240;7332,36;7332,36;7332,36;7332,36;0;0;0;0;0;0;0;0
1;118592;4446;5038,8;5335,2;5038,8;0;0;0;0;0;0;0;0
1;118577;3539,4;3539,4;3539,4;3539,4;3539,4;3539,4;3539,4;3539,4;0;0;0;0
1;120967;6114;6294;6294;6294;6294;10626;10626;10626;0;0;0;0
1;121020;4290;4290;4290;4290;5982;0;0;0;0;0;0;0
1;120963;2214,12;2214,12;2214,12;2214,12;2214,12;2214,12;2214,12;2214,12;0;0;0;0
1;117952;3740;3740;3740;4155,56;4155,56;4656,67;4656,67;4656,67;4656,67;4656,67;0;0
1;121919;6054;5994;6412,56;5186,34;7385,81;6948,14;7823,66;6762,74;0;0;0;0
1;120848;4793,76;5214;5706,24;4745,97;4745,97;4745,97;4745,97;4745,97;4745,97;4745,97;0;0
1;120560;4794;4734;5128,75;3704,36;5613,21;5506,61;9448,52;7666,61;8462,03;6660,77;0;0
1;120990;3299,4;3299,4;3299,4;3299,4;3299,4;3299,4;3299,4;3299,4;3299,4;3299,4;0;0
1;121350;5054,4;5054,4;5054,4;4707,14;4707,14;4707,14;7448,9;7448,9;0;0;0;0
1;119752;9061,92;10194,66;10194,66;10194,66;10194,66;10194,66;10194,66;7929,18;0;0;0;0
1;120935;12234;12234;12234;12234;12234;12234;12234;12234;12234;12234;0;0
1;119748;6414;6354;6797,71;5038,02;7160,67;6869,34;8287,97;10002,74;11801,43;9497,48;0;0
1;120309;4619,4;4619,4;4619,4;4619,4;4619,4;4619,4;4619,4;4619,4;0;0;0;0
1;119352;9336,66;9336,66;9336,66;9336,66;9336,66;9336,66;9336,66;9336,66;9336,66;9336,66;0;0
1;121319;9588;15346,86;15346,86;15346,86;15346,86;15346,86;15346,86;15346,86;15346,86;15346,86;0;0
1;120861;8544,3;8544,3;8544,3;8544,3;8544,3;8544,3;8544,3;8544,3;8544,3;8544,3;0;0
1;121037;3690;3690;3690;3690;3690;3690;3690;3690;0;0;0;0
1;118446;6482,95;6482,95;6482,95;6482,95;6482,95;6482,95;6482,95;6482,95;6482,95;6482,95;0;0
1;120923;2535,72;2669,03;2669,03;2669,03;2669,03;2669,03;2669,03;2669,03;0;0;0;0
1;118361;2079;2079;2079;2079;2079;2079;2079;2079;0;0;0;0
1;119985;6360;6360;6360;6360;6360;6360;6360;6360;6360;6360;0;0
1;118984;7457,47;7457,47;7457,47;7457,47;7457,47;7457,47;7457,47;7457,47;7457,47;7457,47;0;0
1;119700;8205,15;8637;8637;8637;8637;8637;8637;8637;8637;8637;0;0
1;118095;3813,99;3813,99;3813,99;3813,99;3813,99;3813,99;3813,99;3813,99;0;0;0;0
1;118259;6300;6300;6545,07;6545,07;6799,67;6799,67;7064,18;7064,18;7338,98;7338,98;0;0
1;119018;6067,37;6067,37;6067,37;6067,37;6067,37;6067,37;6067,37;6067,37;6067,37;6067,37;0;0
1;119527;28143;28143;28143;28143;28143;28143;28143;28143;28143;28143;0;0
1;118829;2694,6;2694,6;2964,06;2964,06;3260,47;3260,47;3586,51;3586,51;0;0;0;0
1;120880;6441;6441;6441;6441;6441;6441;6441;6441;6441;6441;0;0
1;120358;5901,38;5901,38;5901,38;5901,38;5901,38;5901,38;5901,38;5901,38;0;0;0;0
1;121398;5129,43;5129,43;5129,43;5129,43;5129,43;5129,43;5129,43;5129,43;5129,43;5129,43;0;0
1;118550;3330,98;3330,98;3330,98;3330,98;3330,98;3330,98;3330,98;3330,98;3330,98;3330,98;0;0
1;118058;6172,86;6172,86;6172,86;6172,86;6172,86;6172,86;6172,86;6172,86;0;0;0;0
1;118181;18900;18900;20790;20790;22869;22869;25155,9;25155,9;27671,49;27671,49;0;0
1;121099;8811,18;8811,18;8811,18;8811,18;8811,18;8811,18;8811,18;8811,18;0;0;0;0
1;119520;4855;4855;4855;4855;4855;4855;4855;4855;4855;4855;0;0
1;120297;3619,5;3619,5;3619,5;3619,5;3619,5;3619,5;3619,5;3619,5;0;0;0;0
1;119875;8076;8076;8076;8076;7692;7692;7692;7692;7692;7692;0;0
1;120041;11315,41;11315,41;11315,41;11315,41;11315,41;11315,41;11315,41;11315,41;11315,41;11315,41;0;0
1;120625;4755,36;3740,93;3740,93;3957,94;4800,99;4542,99;0;0;0;0;0;0
1;121340;7793,88;11132,16;11132,16;11132,16;11132,16;11132,16;11132,16;11132,16;0;0;0;0
1;119721;7050;7050;7050;7050;7050;7050;7050;7050;0;0;0;0
1;120594;5333,94;5814;5770,46;4581,54;7443,9;6391,94;8055,77;7291,13;7871,18;6289,92;0;0
1;119945;49800;49800;49800;48576;45300;45300;45300;41100;41100;39300;39300;39300
1;119414;2639,4;2639,4;2639,4;2639,4;0;0;0;0;0;0;0;0
1;122122;3057,96;3057,96;3057,96;3057,96;3057,96;0;0;0;0;0;0;0
1;121175;7410;7410;7410;7410;7410;7410;7410;7410;7410;7410;0;0
1;121750;8328,65;8328,65;8328,65;8328,65;8328,65;8328,65;8328,65;8328,65;8328,65;8328,65;0;0
1;118468;6836,34;6836,34;6836,34;6836,34;6836,34;6836,34;6836,34;6836,34;6836,34;6836,34;0;0
1;119695;4536;4536;4536;4536;4536;4536;9726;9726;0;0;0;0
1;121073;7392;7392;8004;8004;8265;8265;8265;8265;8265;8265;0;0
1;119040;1819,65;1819,65;1819,65;1819,65;1819,65;1819,65;0;0;0;0;0;0
1;120087;6516;6516;6516;6516;6516;6516;6516;6516;0;0;0;0
1;118537;7920;7920;7920;7920;7920;7920;7920;7920;0;0;0;0
1;120845;9294;9294;9294;9294;9294;9294;9294;9294;9294;9294;0;0
1;121087;7254;6834;7311,22;5927,94;8637,89;8505,54;9527,67;9251,82;10260,99;8514,81;0;0
1;121535;3419,4;3419,4;3419,4;3419,4;3419,4;0;0;0;0;0;0;0
1;120301;5639,4;5639,4;5639,4;5639,4;5639,4;5639,4;5639,4;5639,4;5639,4;5639,4;0;0
1;121642;8328,65;8328,65;8328,65;8328,65;8328,65;8328,65;8328,65;8328,65;8328,65;8328,65;0;0
1;119091;5166;5166;5166;5166;5166;5166;5166;5166;0;0;0;0
1;118524;15600;15600;15600;15600;15600;15600;15600;15600;15600;15600;0;0
1;119411;3999,13;3999,13;3999,13;3999,13;3999,13;3999,13;3999,13;3999,13;0;0;0;0
1;119066;4740;4740;4740;4740;4740;4740;4740;0;0;0;0;0
1;118668;7179,35;7179,35;7179,35;7179,35;7179,35;7179,35;7475,71;7475,71;7475,71;7475,71;0;0
1;121237;7890;7890;7890;7890;7890;7890;7890;7890;7890;7890;0;0
1;120539;5952,51;5952,51;5952,51;5952,51;5952,51;5952,51;5952,51;5952,51;0;0;0;0
1;118274;6900;6900;6900;6900;6900;6900;6900;6900;6900;6900;0;0
1;119447;7174;7174;7174;7174;7174;7174;7174;7174;7174;7174;0;0
1;121085;6894;7434;5770,7;5433,48;8637,89;8505,54;8301,6;8301,6;10260,99;8514,81;0;0
1;121149;5094;5034;5385,55;4444,74;6316,56;6442,92;7253,96;7592,45;8783,91;7031,57;0;0
1;119127;3372;3372;3372;3372;3372;3372;3372;3372;0;0;0;0
1;118575;4354,8;4354,8;4354,8;4354,8;4354,8;4354,8;4354,8;4354,8;0;0;0;0
1;120413;6564,47;6564,47;6564,47;6564,47;6564,47;6564,47;6564,47;6564,47;0;0;0;0
1;118463;2835,72;2835,72;2835,72;2835,72;2835,72;2835,72;2835,72;2835,72;2835,72;2835,72;0;0
1;118786;5692,88;5692,88;6262,16;6262,16;6888,38;6888,38;7577,22;7577,22;8334,94;8334,94;0;0
1;118100;4532,85;4532,85;4759,49;4759,49;4997,46;4997,46;5247,34;5247,34;0;0;0;0
1;121161;7302,96;7302,96;7302,96;7302,96;7302,96;7302,96;7302,96;7302,96;7302,96;7302,96;0;0
1;120892;6720;6720;6720;6720;6720;6720;6720;6720;0;0;0;0
1;118452;2890,8;2890,8;2948,62;2948,62;3007,59;3007,59;3067,74;3067,74;0;0;0;0
1;122242;3054;2514;2946,19;2202,12;0;0;0;0;0;0;0;0
1;122225;3593,14;3594;4007,35;4466,77;0;0;0;0;0;0;0;0
1;120308;4019,4;4019,4;4019,4;4019,4;0;0;0;0;0;0;0;0
1;120577;3318;3318;3318;3318;3318;3318;3318;3792;0;0;0;0
1;121145;11132,64;11132,64;11132,64;11132,64;11132,64;11132,64;11132,64;11132,64;11132,64;11132,64;0;0
1;119417;5790;5790;5790;6755;6755;6755;7720;6755;0;0;0;0
1;119025;4877,96;4877,96;4877,96;4877,96;4877,96;4877,96;4877,96;4877,96;0;0;0;0
1;120600;4702,55;4702,55;4702,55;4702,55;4702,55;0;0;0;0;0;0;0
1;120851;3052,56;2666,1;2565,64;2855,51;3195,02;3544,76;0;0;0;0;0;0
1;122238;5814;5754;5642,06;4105,62;6391,13;7008,39;7008,39;7008,39;7008,39;7008,39;0;0
1;119141;4464,78;4464,78;4464,78;4464,78;4464,78;4464,78;4464,78;4464,78;0;0;0;0
1;118724;3078;3078;3078;3078;3078;3078;3078;3078;0;0;0;0
1;121606;6091,2;6091,2;6091,2;6091,2;0;0;0;0;0;0;0;0
1;118590;6458,1;6458,1;6458,1;6458,1;0;0;0;0;0;0;0;0
1;118534;4259,4;4259,4;4259,4;4259,4;4259,4;4259,4;4259,4;4259,4;0;0;0;0
1;120306;640,5;640,5;640,5;640,5;640,5;640,5;640,5;640,5;0;0;0;0
1;119215;14610;14610;14610;14610;14610;14610;14610;14610;14610;14610;0;0
1;118740;5678,63;5678,63;5678,63;5678,63;0;0;0;0;0;0;0;0
1;120956;3900;3900;3900;3900;3900;3900;3900;3900;0;0;0;0
1;119551;12243;12243;12243;12243;12243;12243;12243;12243;0;0;0;0
1;120920;3717,5;3593,64;4006,96;3934,63;4387,17;4295,54;4789,59;4703,69;0;0;0;0
1;120916;12099,9;12099,9;12825,9;12825,9;13467,18;13595,46;14140,56;14275,2;15130,44;15274,5;0;0
1;121572;19992,96;19992,96;19992,96;19992,96;19992,96;19992,96;19992,96;19992,96;19992,96;19992,96;0;0
1;120786;2486,4;2486,4;2486,4;4986;4986;0;0;0;0;0;0;0
1;121726;10320,03;10320,03;10320,03;10320,03;10320,03;10320,03;10320,03;10320,03;10320,03;10320,03;0;0
1;120505;3973,32;3468,48;3285,28;3858,98;4125,83;4125,83;4125,83;6746,13;0;0;0;0
1;117937;3451,22;3451,22;3355,8;3355,8;3355,8;3355,8;0;0;0;0;0;0
1;118116;1961,25;1961,25;1961,25;1961,25;0;0;0;0;0;0;0;0
1;120322;640,5;640,5;640,5;640,5;0;0;0;0;0;0;0;0
1;121992;2964;2964;2964;2964;0;0;0;0;0;0;0;0
1;120245;5559,84;6177,6;5559,84;6177,6;5353,92;5353,92;0;0;0;0;0;0
1;120610;4614;4794;5128,56;3241,49;6302,57;5984,01;6425,64;7444,08;8040,02;8040,02;0;0
1;122012;6594;6354;6849,07;5384,07;7653,15;6530,99;8287,97;9024,71;9311,4;7685,15;0;0
1;120960;3954;3491,64;3849,18;3849,18;3849,18;3849,18;3849,18;3849,18;0;0;0;0
1;120395;7064,2;7064,2;7064,2;7064,2;7064,2;7064,2;7064,2;7064,2;7064,2;7064,2;0;0
1;121155;7605,46;7605,46;7605,46;7605,46;7605,46;7605,46;7605,46;7605,46;7605,46;7605,46;0;0
1;118902;6204,58;6204,58;6204,58;6204,58;6204,58;6204,58;6204,58;6204,58;6204,58;6204,58;0;0
1;121644;11389,18;11389,18;11389,18;11389,18;11389,18;11389,18;11389,18;11389,18;0;0;0;0
1;119004;2696,05;2696,05;2696,05;2696,05;2696,05;2696,05;2696,05;2696,05;0;0;0;0
1;118302;2992,5;2992,5;2992,5;2992,5;2992,5;2992,5;2992,5;2992,5;0;0;0;0
1;120300;6839,4;6839,4;6839,4;6839,4;6839,4;6839,4;6839,4;6839,4;6839,4;6839,4;0;0
1;121411;57600;57600;57600;57600;57600;57600;57600;57600;57600;57600;57600;57600
1;120303;5699,4;5699,4;5699,4;5699,4;5699,4;5699,4;5699,4;5699,4;0;0;0;0
1;121822;4319,4;4319,4;4319,4;4319,4;4319,4;4319,4;4319,4;4319,4;0;0;0;0
1;120780;4434,12;4794;4499,57;4192,2;6827,81;5511,24;6188,27;7064,01;8208,81;6512,45;0;0
1;120804;4554,24;5214;5128,56;3889,35;7484,27;6123,06;7586,28;8422,11;9090,54;7383,83;0;0
1;118178;8744,4;8744,4;8744,4;8744,4;8744,4;8744,4;8744,4;8744,4;8744,4;8744,4;0;0
1;118773;5759,62;5759,62;5759,62;5759,62;5759,62;5759,62;5759,62;5759,62;5759,62;5759,62;0;0
1;121210;4284;4284;4284;4284;4284;4284;4284;4284;0;0;0;0
1;119887;9294,92;9294,92;9294,92;9294,92;9294,92;9294,92;9294,92;9294,92;9294,92;9294,92;0;0
1;118465;3675,96;3675,96;3675,96;3675,96;3675,96;3675,96;3675,96;3675,96;0;0;0;0
1;121574;11880;13068;11880;13068;11880;11880;13068;14256;13068;11880;0;0
1;118757;2772;2772;2772;2772;2772;2772;2772;2772;0;0;0;0
1;121613;4831,6;5073,18;6442,66;7028,35;7321,2;7321,2;7614,05;0;0;0;0;0
1;118442;7884;7884;7884;7884;7884;7884;7884;7884;7884;7884;0;0
1;120070;7862,28;7862,28;7862,28;7862,28;7862,28;7862,28;7862,28;7862,28;7862,28;7862,28;0;0
1;121205;7656;7656;7656;7656;7656;7656;7656;7656;7656;7656;0;0
1;121757;8983,43;8983,43;8983,43;8983,43;8983,43;8983,43;8983,43;8983,43;0;0;0;0
1;122221;4662;4662;4662;4662;4662;4662;4662;4662;0;0;0;0
1;121103;5376;5376;5913,6;5913,6;6504,96;6504,96;7155,45;7155,45;7871;7871;0;0
1;120954;2321,5;2128,68;2075,47;2202,09;2320,81;2740,97;0;0;0;0;0;0
1;121081;7299,37;9171,11;9085,52;9171,11;8398,36;8398,36;9256,69;9256,69;8398,36;7432,73;0;0
1;118637;7905,85;7905,85;7905,85;7905,85;8500,93;8500,93;8500,93;8500,93;8500,93;8500,93;0;0
1;120579;5988;5988;6851,52;8130;8130;8130;8130;8130;8130;8130;0;0
1;119758;14448;14448;14448;14448;14448;14448;14448;14448;14448;14448;0;0
1;120556;3893,88;3804;4229,95;3241,49;8046,99;6299,19;9374,67;7666,61;8462,03;7536,83;0;0
1;119100;6760,98;6760,98;6760,98;6760,98;6760,98;6760,98;6760,98;6760,98;6760,98;6760,98;0;0
1;118184;6719,4;6719,4;6719,4;6719,4;6719,4;6719,4;6719,4;6719,4;6719,4;6719,4;0;0
1;121647;7676,28;7676,28;7676,28;7676,28;7676,28;7676,28;7676,28;7676,28;7676,28;0;0;0
1;121265;3504,18;3504,18;3504,18;3504,18;3504,18;3504,18;3504,18;3504,18;0;0;0;0
1;118326;4063,68;4063,68;4063,68;4063,68;4063,68;4063,68;4063,68;4063,68;0;0;0;0
1;122209;9453,01;9453,01;9453,01;9453,01;9453,01;9453,01;9453,01;9453,01;9453,01;9453,01;0;0
1;120239;5286;5286;5286;5286;5286;5286;5286;5286;5286;5286;0;0
1;118202;13137,6;12336;12706,6;11987,37;12706,6;11924,92;12586,75;11704,36;12586,75;12586,75;0;0
1;119657;9264;9264;9264;9264;9264;9264;9264;9264;9264;9264;0;0
1;119159;4902;4902;4902;4902;4902;4902;4902;4902;4902;4902;0;0
1;118191;6239,4;6239,4;6239,4;6239,4;6239,4;6239,4;6239,4;6239,4;6239,4;6239,4;0;0
1;120238;5759,4;5759,4;5759,4;5759,4;5759,4;5759,4;5759,4;5759,4;5759,4;5759,4;0;0
1;120953;2183,88;2293,02;2323,02;2990,94;3655,56;4320,24;4320,24;4320,24;0;0;0;0
1;120982;16428,48;17836,14;17836,14;17836,14;17836,14;17836,14;17836,14;17836,14;0;0;0;0
1;120547;4820,38;4820,38;4820,38;4820,38;4820,38;4820,38;4820,38;4820,38;0;0;0;0
1;119905;5034;5034;5034;5034;5034;5034;5034;5034;0;0;0;0
1;118697;15565,85;15565,85;15565,85;15565,85;15716,3;15716,3;16165,36;16165,36;16241,46;16936,92;0;0
1;121720;6486,93;6486,93;6486,93;6486,93;6486,93;6486,93;6486,93;6486,93;6486,93;6486,93;0;0
1;119483;4989,6;4989,6;4989,6;4989,6;4989,6;4989,6;4989,6;4989,6;4989,6;4989,6;0;0
1;119772;6198;6198;6198;6198;6198;6198;0;0;0;0;0;0
1;118588;15173,4;15173,4;15173,4;16690,74;16690,74;16690,74;16690,74;16690,74;16690,74;16690,74;0;0
1;120671;4348,26;4348,26;4348,26;4348,26;4348,26;4348,26;4348,26;4348,26;0;0;0;0
1;118356;15904,74;15904,74;15904,74;15904,74;15904,74;15904,74;15904,74;15904,74;15904,74;15904,74;0;0
1;121043;5832;5832;5832;5832;5832;5832;5832;5832;0;0;0;0
1;119533;15423;15423;15423;15423;15423;15423;15423;15423;0;0;0;0
1;122211;8734,11;8734,11;8734,11;8734,11;8734,11;8734,11;8734,11;8734,11;8734,11;8734,11;0;0
1;118475;4350;4350;4350;4350;4350;4350;4350;4350;0;0;0;0
1;121821;3853,2;3853,2;3853,2;3853,2;3853,2;3853,2;3853,2;3853,2;0;0;0;0
1;118654;7968,3;7968,3;7968,3;7968,3;7968,3;8765,1;8765,1;8765,1;8765,1;8765,1;0;0
1;120928;4602;4064,04;4480,2;4566,36;5310,84;0;0;0;0;0;0;0
1;119403;4389;5643;5643;5643;5643;5643;5643;2257,2;0;0;0;0
1;120392;9941,34;9941,34;9941,34;9941,34;9941,34;9941,34;9941,34;9941,34;9941,34;9941,34;0;0
1;120853;3984,3;3984,3;3984,3;3984,3;3984,3;0;0;0;0;0;0;0
1;120363;4500;4500;4500;4500;4500;4500;4500;4500;4500;4500;0;0
1;120642;10183,16;10183,16;10183,16;10183,16;10183,16;10183,16;10183,16;10183,16;10183,16;10183,16;0;0
1;120194;5099,4;5099,4;5099,4;5099,4;5099,4;5099,4;5099,4;5099,4;0;0;0;0
1;121195;3642,78;3642,78;3642,78;3642,78;0;0;0;0;0;0;0;0
1;120359;6242,4;6242,4;6242,4;6242,4;6242,4;6242,4;12024;12024;12024;12024;0;0
1;121039;5718;5718;5718;5718;5718;5718;5718;5718;5718;5718;0;0
1;118088;6659,4;6659,4;6659,4;6659,4;6659,4;6659,4;6659,4;6659,4;6659,4;6659,4;0;0
1;122050;8100;8100;8100;8100;8100;8100;8100;8100;8100;8100;0;0
1;121126;4554;4434;4743,65;4049,19;7100,28;5849,6;5849,6;5849,6;5849,6;5849,6;0;0
1;118857;1648,46;1648,46;1648,46;1648,46;1648,46;1648,46;0;0;0;0;0;0
1;121326;8952;8952;9489,12;9489,12;9963,6;10058,46;11312,34;11420,1;0;0;0;0
1;118407;6726,51;6726,51;6726,51;6726,51;6726,51;6726,51;6726,51;6726,51;6726,51;6726,51;0;0
1;120533;5095,44;4450,03;4193,33;4762,92;5316,39;5599,39;5280,27;5371,19;5165,41;6392,75;0;0
1;121014;3834,12;3984;4936,03;4936,03;0;0;0;0;0;0;0;0
1;118258;3468,31;3468,31;3468,31;3468,31;3468,31;3468,31;3468,31;3468,31;3468,31;3468,31;0;0
1;122222;3687,07;3687,07;3687,07;3687,07;3687,07;3687,07;3687,07;3687,07;0;0;0;0
1;120933;4410;4410;4410;4410;4410;4410;4410;4410;4410;4410;0;0
1;118680;2448;2448;2688;2688;2958;2958;3252;3252;0;0;0;0
1;119482;10734;11934;12189,98;11396,16;15531,3;12936,78;17190,99;15880,14;18721,08;15008,72;0;0
1;119966;8709,54;8709,54;8709,54;8709,54;8709,54;8709,54;8709,54;8709,54;8709,54;8709,54;0;0
1;121595;9650,08;10527,36;10527,36;10527,36;10527,36;12720,56;11404,64;11843,28;0;0;0;0
1;119747;5334;5274;5642,3;4635,05;7020,05;4486,86;7275,02;7275,02;7275,02;7275,02;0;0
1;120171;4979,4;4979,4;4979,4;4979,4;4979,4;4979,4;4979,4;4979,4;0;0;0;0
1;121318;7499,4;7499,4;7499,4;7499,4;7499,4;7499,4;7499,4;7499,4;7499,4;7499,4;0;0
1;121387;9701,4;9701,4;9701,4;9701,4;9701,4;9701,4;9701,4;9701,4;10671,54;11641,68;0;0
1;117951;4432;4432;4432;4432;4432;4432;4432;4432;4432;4432;0;0
1;120843;51056,1;51056,1;51056,1;51056,1;51056,1;51056,1;51056,1;51056,1;51056,1;51056,1;51056;51056
1;120616;8440,08;8440,08;8440,08;8070,24;8070,24;6140,4;6140,4;6140,4;6140,4;6140,4;0;0
1;119878;5616;5616;5616;5616;5616;5616;5616;5616;5616;5616;0;0
1;118438;3724,27;3724,27;3724,27;3724,27;3724,27;3724,27;3724,27;3724,27;0;0;0;0
1;121957;57594;57594;60461,14;59322,06;64688,04;62053,56;30224,97;66665,43;69903,5;41849,55;47045;42485
1;119405;5994;5994;6412,56;4840,2;6907,46;6734,93;7354,17;10155,69;11289,69;9061,79;0;0
1;119689;5819,4;5819,4;5819,4;5819,4;5819,4;5819,4;5819,4;5819,4;5819,4;5819,4;0;0
1;121989;3300;3300;3300;3300;3300;3300;3300;3300;3300;3300;0;0
1;118568;4499,4;4499,4;4499,4;4499,4;4499,4;4499,4;4499,4;4499,4;0;0;0;0
1;119389;3533,4;3533,4;3533,4;3533,4;3533,4;3533,4;3533,4;3533,4;0;0;0;0
1;118417;9900;9900;9900;9900;9900;9900;9900;9900;9900;9900;0;0
1;118532;4669,82;4669,82;4669,82;4669,82;4669,82;4669,82;0;0;0;0;0;0
1;122145;2994;2994;2994;2994;3094;3094;4040;4040;0;0;0;0
1;118487;6765;6765;6931;6958,68;8231,73;8231,73;9255,66;8605,36;10009,86;10009,86;0;0
1;120970;26646;26646;26646;26646;26646;26646;26646;26646;0;0;0;0
1;121268;8187;8187;8187;8187;8187;8187;8187;8187;8187;8187;0;0
1;121088;6300;6300;6300;6300;6300;6300;6300;6300;6300;6300;0;0
1;120769;4860;4860;4860;4860;4860;4860;4860;4860;0;0;0;0
1;120311;4619,4;4619,4;4619,4;4619,4;4619,4;4619,4;4619,4;4619,4;0;0;0;0
1;121534;11490;11490;11490;11490;11490;11490;11490;11490;11490;11490;0;0
1;118075;8442,63;8442,63;8442,63;8442,63;8442,63;8442,63;8442,63;8442,63;0;0;0;0
1;121470;6612,6;6612,6;6612,6;6612,6;6612,6;6612,6;6612,6;6612,6;0;0;0;0
1;121709;13335,79;13335,79;13335,79;13335,79;13335,79;13335,79;13335,79;13335,79;13335,79;13335,79;0;0
1;119409;8981,68;8981,68;8981,68;8981,68;8981,68;8981,68;8981,68;8981,68;8981,68;8981,68;0;0
1;122195;7928,7;7928,7;7928,7;7928,7;7928,7;7928,7;7928,7;7928,7;7928,7;7928,7;0;0
1;121753;10173,96;10173,96;8478,3;8478,3;10173,96;10173,96;11021,79;9326,13;5934,81;4239,15;0;0
1;118591;12420;12420;12420;12420;0;0;0;0;0;0;0;0
1;120383;4509;4855,2;4855,2;4855,2;4855,2;4855,2;4855,2;5548,8;5548,8;5548,8;0;0
1;118627;5700;5700;5700;5700;5700;5700;5700;5700;5700;5700;0;0
1;118963;4218;4218;4218;4218;4218;4218;4218;4218;4218;4218;0;0
1;121062;6469,5;6469,5;6469,5;6469,5;6469,5;6469,5;6469,5;6469,5;6469,5;6469,5;0;0
1;119950;4483,81;4631,16;4631,16;5403,02;5145,73;5721,87;5449,39;5721,87;0;0;0;0
1;118440;4139,4;4139,4;4139,4;4139,4;4139,4;4139,4;4139,4;4139,4;0;0;0;0
1;118093;3813,97;3813,97;3813,97;3813,97;3813,97;3813,97;3813,97;3813,97;0;0;0;0
1;121244;2340;2340;2700;2700;3300;3300;3420;3420;0;0;0;0
1;121174;5159,98;5159,98;5159,98;5159,98;5159,98;5159,98;5159,98;5159,98;5159,98;5159,98;0;0
1;119742;9600;9600;9600;9600;9600;9600;9600;9600;0;0;0;0
1;120054;4494;4494;4494;4494;4494;4494;4494;4494;4494;4494;0;0
1;120216;4468,8;4468,8;4468,8;4468,8;4468,8;4468,8;4468,8;4468,8;0;0;0;0
1;118210;3145,64;3145,64;3145,64;3145,64;3145,64;3145,64;3145,64;3145,64;0;0;0;0
1;121884;5557,5;5557,5;5557,5;5557,5;5557,5;5557,5;5557,5;5557,5;5557,5;5557,5;0;0
1;122113;9234;9174;9171,94;9894,47;12534,75;7156,71;7893,72;7893,72;7893,72;7893,72;0;0
1;119561;25503,6;25503,6;25503,6;25503,6;25503,6;25503,6;25503,6;25503,6;25503,6;25503,6;0;0
1;120884;5905,2;5905,2;5905,2;5905,2;5905,2;5905,2;5905,2;5905,2;0;0;0;0
1;119868;8394,98;8394,98;8394,98;8394,98;8394,98;8394,98;8394,98;8394,98;8394,98;8394,98;0;0
1;120593;4674;4614;4936,03;4444,74;5964,93;6187,95;6969,06;6387,3;6852,96;5103,32;0;0
1;121912;9956,25;9956,25;9956,25;9956,25;9956,25;9956,25;9956,25;9956,25;9956,25;9956,25;0;0
1;118522;1035;1035;1035;1035;0;0;0;0;0;0;0;0
1;121580;4177,94;4177,79;4177,79;4177,79;4177,79;4177,79;0;0;0;0;0;0
1;120917;9599,16;9599,17;10703,21;10505,09;11713,32;10748,14;11984,33;11984,33;0;0;0;0
1;120461;3059,77;3059,77;3059,77;3059,77;3059,77;3059,77;3325,01;3325,01;0;0;0;0
1;119187;6060;6060;6060;6060;6060;6060;0;0;0;0;0;0
1;119282;2520;2520;2520;2520;2520;2520;2520;2520;0;0;0;0
1;122038;6510;6510;6510;6510;6510;6510;6510;6510;6510;6510;0;0
1;120737;6030;9971,28;9971,28;9971,28;9971,28;9971,28;9971,28;9971,28;9971,28;9971,28;0;0
1;121673;13541,61;14670,08;13541,61;13541,61;13541,61;13541,61;13541,61;14670,08;13541,61;14670,08;0;0
1;117976;1693,76;1693,76;1693,76;1693,76;1693,76;1693,76;1693,76;1693,76;0;0;0;0
1;119947;13626,54;13626,54;13626,54;13626,54;13626,54;13626,54;13626,54;13626,54;13626,54;13626,54;0;0
1;118369;2247,48;2247,48;2247,48;2247,48;2247,48;2247,48;2247,48;2247,48;0;0;0;0
1;121749;7139,4;7139,4;7139,4;7139,4;7139,4;7139,4;7139,4;7139,4;7139,4;7139,4;0;0
1;120831;4254,24;4398;5192,78;3889,35;5771,7;4143,87;4143,87;4143,87;0;0;0;0
1;118559;3737,76;3737,76;3737,76;3737,76;3737,76;3737,76;3737,76;3737,76;0;0;0;0
1;121051;53577,18;53577,18;53577,18;53577,18;53577,18;53577,18;53577,18;53577,18;53577,18;53577,18;53577;53577
1;120119;5394;5394;5394;5394;5394;5394;5394;5394;5394;5394;0;0
1;121301;2997,78;2997,78;2997,78;2997,78;2224,98;0;0;0;0;0;0;0
1;120969;3233,6;3233,56;3605,46;3935,1;0;0;0;0;0;0;0;0
1;119927;5586,35;5586,35;5586,35;5397,44;5586,35;5286,6;5286,6;7048,8;7048,8;7048,8;0;0
1;120832;2095,62;3338,04;1669,02;3106,74;3577,68;3989,1;3423,06;3989,1;0;0;0;0
1;120789;5997,6;5997,6;6140,4;6140,4;6140,4;6140,4;6140,4;6140,4;6140,4;6140,4;0;0
1;119158;7944;7944;7944;7944;7944;7944;7944;7944;7944;7944;0;0
1;122213;3022,92;2638,82;2603,46;2786,15;3013,11;5805,51;0;0;0;0;0;0
1;118938;16706,17;16706,17;16706,17;16706,17;16706,17;16706,17;16706,17;16706,17;16706,17;16706,17;0;0
1;119795;5829,54;5829,54;5829,54;5829,54;5829,54;5829,54;5829,54;5829,54;0;0;0;0
1;121774;4111,6;4111,6;4111,6;4111,6;4111,6;4466,97;4466,97;10602,63;0;0;0;0
1;118193;4412,82;4412,82;4633,46;4633,46;4865,13;4865,13;5108,38;5108,38;0;0;0;0
1;118251;10694,88;10694,88;10694,88;10694,88;10694,88;10694,88;10694,88;10694,88;10694,88;10694,88;0;0
1;119919;6720;6720;6720;6720;0;0;0;0;0;0;0;0
1;120611;2765,07;2765,07;2765,07;2765,07;2765,07;2765,07;0;0;0;0;0;0
1;118580;5298;5298;5298;5298;5298;5298;5298;5298;0;0;0;0
1;121604;4419,86;4419,69;4419,69;4419,69;4419,69;4419,69;4419,69;4419,69;0;0;0;0
1;119640;2737;2737;3519;3519;4301;4301;5083;5083;0;0;0;0
1;120138;6299,4;6299,4;6299,4;6299,4;6299,4;6299,4;6299,4;6299,4;6299,4;6299,4;0;0
1;120481;8324,52;8324,52;8324,52;8324,52;8324,52;8324,52;8324,52;8324,52;8324,52;8324,52;0;0
1;122218;4900,5;4900,5;4900,5;4900,5;4900,5;4900,5;0;0;0;0;0;0
1;118605;1819,26;1983;2161,47;2161,47;2356;2356;2568,04;2568,04;0;0;0;0
1;122014;7200;7200;7200;7200;7200;7200;7200;7200;7200;7200;0;0
1;122116;6892,78;6892,78;6892,78;6892,78;6892,78;10505,01;10505,01;10505,01;10505,01;12255,84;0;0
1;120758;7260;7260;7260;7260;7260;7260;7260;7260;7260;7260;0;0
1;120391;6890,4;6890,4;6890,4;6890,4;6890,4;6890,4;16716;16716;16716;16716;0;0
1;122031;4745,25;4745,25;4745,25;4389;4745,25;4745,25;5101,5;5101,5;5457,75;5814;0;0
1;119467;7335,95;7335,95;7335,95;7335,95;7335,95;7335,95;7335,95;7335,95;7335,95;7335,95;0;0
1;120417;9135,41;9135,41;9135,41;9135,41;9135,41;9135,41;9135,41;9135,41;9135,41;9135,41;0;0
1;119161;2337;2337;2337;2337;2337;2337;2337;2337;0;0;0;0
1;120033;3594;3594;3594;3594;3594;3594;3594;3594;3594;3594;0;0
1;122009;5454;5394;5770,7;4691,88;6668,33;6187,95;6889,91;8649,23;9659,57;7796,39;0;0
1;120233;48310,08;48310,08;48310,08;48310,08;48310,08;48310,08;48310,08;48310,08;48310,08;48310,08;48310;48310
1;120234;9063;9063;9063;9063;9063;9063;9063;9063;9063;9063;0;0
1;122260;4487,56;4487,56;4978,45;4978,45;5385,07;0;0;0;0;0;0;0
1;120944;5922;5227,92;4900,86;4923,66;5726,34;6281,16;7309,68;7657,38;8328,72;7965,6;0;0
1;117980;3355;3355;3355;3630;3630;3642,22;3642,22;3642,22;0;0;0;0
1;120325;3576;3576;3576;3576;3576;0;0;0;0;0;0;0
1;119090;2916,17;2916,17;2916,17;2916,17;2916,17;2916,17;2916,17;2916,17;0;0;0;0
1;121212;7114,5;7114,5;7114,5;7114,5;8370;8370;8370;8370;0;0;0;0
1;118434;6966;6966;6966;6966;6966;6966;6966;6966;0;0;0;0
1;119753;6168,02;6168,02;6168,02;6168,02;6168,02;6168,02;6168,02;6168,02;0;0;0;0
1;117904;8961,4;8961,4;8961,4;8961,4;8961,4;8961,4;8961,4;8961,4;8961,4;8961,4;0;0
1;118793;2686,67;2686,67;2686,67;2686,67;2686,67;2686,67;2686,67;2686,67;0;0;0;0
1;120273;11388;11388;11388;11388;11388;11388;11388;11388;0;0;0;0
1;119103;4306,31;4306,31;4306,31;4306,31;4306,31;4306,31;4306,31;4306,31;4306,31;4306,31;0;0
1;121343;8625,5;10783,86;10836,49;9911,02;9858,38;11313,11;11022,16;8927,36;0;0;0;0
1;120536;3010,14;2629,7;2497,21;2665,53;3193,81;3810,71;4105,64;4026,54;0;0;0;0
1;118995;8604,04;8604,04;8604,04;8604,04;8604,04;8604,04;8604,04;8604,04;8604,04;8604,04;0;0
1;119821;2359,38;3826,02;3696,66;3826,02;3696,66;3826,02;3696,66;3826,02;0;0;0;0
1;120130;4600,92;4717,8;4717,8;4600,92;4717,8;4828,2;4790,46;4828,2;0;0;0;0
1;117973;2690,94;2690,94;2690,94;2690,94;2690,94;2690,94;2690,94;2690,94;2690,94;2690,94;0;0
1;119936;6390;6390;6390;6390;6390;6390;6390;6390;6390;6390;0;0
1;119741;9396;9396;9396;9396;9396;9396;9396;9396;0;0;0;0
1;118901;3000;3000;3000;3000;3000;3000;3000;3000;3000;3000;0;0
1;117861;5231,31;5231,31;5231,31;5231,31;5231,31;0;0;0;0;0;0;0
1;120174;5090,1;5090,1;5090,1;5090,1;5090,1;5090,1;5090,1;5090,1;5090,1;5090,1;0;0
1;120868;1017;1017;1017;1017;1017;1017;1017;1017;0;0;0;0
1;118574;10674;10674;10674;11860;11860;11860;11860;11860;13046;11860;0;0
1;120580;4585,66;4585,66;4585,66;4585,66;4585,66;4585,66;4585,66;4585,66;0;0;0;0
1;119557;5188,02;5188,02;5188,02;5188,02;5188,02;5188,02;5188,02;5188,02;0;0;0;0
1;120312;4676,4;4676,4;4676,4;4676,4;4676,4;4676,4;4676,4;4676,4;0;0;0;0
1;118571;7940,1;7940,1;7940,1;7940,1;7940,1;7940,1;7940,1;7940,1;7940,1;7940,1;0;0
1;121427;9414;9414;9414;9414;9414;9414;9414;9414;9414;9414;0;0
1;121458;8413;8413;8413;8413;8413;8413;8413;8413;8413;8413;0;0
1;121494;3456;3456;3456;3456;0;0;0;0;0;0;0;0
1;120637;6174;6174;6174;6174;6174;6174;6174;0;0;0;0;0
1;118854;6638,14;6638,14;6638,14;6733,41;0;0;0;0;0;0;0;0
1;121784;10297,89;10297,89;10297,89;10297,89;14176,46;14176,46;14176,46;14176,46;14176,46;14176,46;0;0
1;120692;3634,2;3634,2;3634,2;3634,2;3634,2;3634,2;9252;9252;0;0;0;0
1;121303;6294;6294;6294;6294;6294;0;0;0;0;0;0;0
1;119892;4302,48;4302,48;4302,48;4302,48;4302,48;4302,48;4302,48;4302,48;0;0;0;0
1;121381;6241,5;6641,35;6015,26;6719,04;6797,87;7814,7;7434,74;7892,4;0;0;0;0
1;119361;4656;4656;4656;4656;4656;0;0;0;0;0;0;0
1;122053;2764,2;2764,2;2764,2;2764,2;2764,2;2764,2;2764,2;2764,2;0;0;0;0
1;120113;5394;5394;5394;5394;5394;5394;5394;5394;5394;5394;0;0
1;121658;10707,84;10707,84;11377,08;13384,8;13384,8;12715,56;13384,8;14388,66;14388,66;14388,66;0;0
1;120378;57000;57000;57000;57000;57000;57000;57000;57000;57000;57000;57000;57000
1;121512;3817,8;3817,8;3817,8;3817,8;3817,8;0;0;0;0;0;0;0
1;119209;7296;7296;7296;7296;7296;7296;7296;7296;7296;7296;0;0
1;120698;6300;6300;6300;6300;6300;6300;6300;6300;6300;6300;0;0
1;118355;5148,06;5274;5128,9;4197,51;7960,14;7960,14;7960,14;7960,14;0;0;0;0
1;120991;2515;2946;4290;4290;4902;4902;6120;6120;7344;7344;0;0
1;120389;6564,47;6564,47;6564,47;6564,47;6564,47;6564,47;6564,47;6564,47;0;0;0;0
1;121358;10200;9900;10200;9900;10200;9900;10200;9900;0;0;0;0
1;118236;3894,91;2862,73;2862,73;3005,87;3199,52;3744,33;3566,03;3744,33;0;0;0;0
1;120962;1788,01;1788,01;1788,01;1788,01;1788,01;1788,01;1788,01;1788,01;0;0;0;0
1;121113;6436,38;6436,38;6436,38;6436,38;6436,38;6436,38;6436,38;6436,38;0;0;0;0
1;119289;7080;7080;7080;7080;7080;7080;7080;7080;0;0;0;0
1;119357;4520,34;4520,34;4746,36;4746,36;4983,67;4983,67;5232,86;5232,86;0;0;0;0
1;119841;8380,8;8380,8;8380,8;8380,9;8380,9;8380,9;8380,9;8380,9;8380,9;8380,9;0;0
1;118174;3894;4194;4531,82;3489,71;5830,34;3755,43;5830,34;3755,43;0;0;0;0
1;122058;3464,91;3464,91;3464,91;3464,91;3464,91;0;0;0;0;0;0;0
1;121911;7855,41;7855,41;7855,41;7855,41;7855,41;7855,41;7855,41;7855,41;0;0;0;0
1;122235;9153;9153;9153;9153;9153;9153;9153;9153;9153;9153;0;0
1;120447;6467,61;6467,61;6467,61;6467,61;6467,61;6467,61;6467,61;6467,61;6467,61;6467,61;0;0
1;119955;4452;4452;4452;4452;0;0;0;0;0;0;0;0
1;119696;4194;4194;4486,7;3455,91;5191,16;0;0;0;0;0;0;0
1;119139;18786;18786;18786;18786;18786;18786;18786;18786;18786;18786;0;0
1;118862;5940;5940;5940;5940;5940;5940;5940;5940;5940;5940;0;0
1;120420;6114,48;4960,74;4713,98;5181,41;5900,96;6526,02;7458,36;8528,61;8781,26;9458,13;0;0
1;120627;2994,06;2994,06;2994,06;2994,06;2994,06;2994,06;2994,06;0;0;0;0;0
1;117993;5644,8;5644,8;5644,8;5644,8;5644,8;5644,8;5644,8;5644,8;0;0;0;0
1;119849;7831,74;7831,74;7831,74;7831,74;7831,74;7831,74;7831,74;7831,74;7831,74;7831,74;0;0
1;121828;5341,92;4800,49;4800,49;5040,52;6172,07;8102,28;7716,45;8102,28;7716,45;8102,3;0;0
1;119208;4560;4560;4560;4560;4560;4560;4560;4560;4560;4560;0;0
1;120748;4732,92;4134,47;3738,45;4367,9;4952,28;5433,87;5606,72;5477,33;5564,05;7258,74;0;0
1;117935;9311,22;9311,22;9311,22;9311,22;9311,22;9311,22;9311,22;9311,22;9311,22;0;0;0
1;119781;8904;8904;8904;8904;8904;8904;8904;8904;8904;8904;0;0
1;121707;7770,75;7770,75;9324,9;7770,75;7770,75;7770,75;9324,9;6216,6;7770,75;10101,97;0;0
1;120615;4674;4614;5770,7;4395,24;6246,27;6391,94;7744,55;8649,23;9580,46;7763,94;0;0
1;119780;6594;7794;9365,28;7020,54;9847,71;6600,51;11622,11;8797,59;0;0;0;0
1;120614;6540;6744;6744;6744;6744;8988;8988;8988;8988;12726;0;0
1;120180;8630,58;9191,57;9789,02;10425,31;11102,95;11824,64;12593,24;13411,81;14283,57;15212,01;0;0
1;120729;4146,54;4146,54;4146,54;4146,54;4146,54;4146,54;4146,54;4146,54;0;0;0;0
1;121211;2622;2622;2622;2622;2622;0;0;0;0;0;0;0
1;121564;3753;3753;3753;3753;3753;3753;3753;3753;0;0;0;0
1;121597;6606,64;6606,64;6606,64;6606,64;6606,64;6606,64;6606,64;6606,64;0;0;0;0
1;118553;3003,9;3003,9;3003,9;3003,9;3003,9;3003,9;3003,9;3003,9;0;0;0;0
1;121485;5288;5288;5288;5288;5288;5288;5288;0;0;0;0;0
1;120042;4657,24;4657,24;4657,24;4657,24;4657,24;4657,24;4657,24;4657,24;0;0;0;0
1;120858;7660,8;7660,8;7660,8;7660,8;7660,8;7660,8;7660,8;7660,8;7660,8;7660,8;0;0
1;120898;10810,8;10810,8;10810,8;21621,6;0;0;0;0;0;0;0;0
1;121222;4692;4692;4692;4692;4692;4692;0;0;0;0;0;0
1;119286;3330;3330;3330;3330;3330;0;0;0;0;0;0;0
1;119895;6000;6000;6000;6000;6000;6000;6000;6000;0;0;0;0
1;121877;3634,2;3634,2;3634,2;3634,2;3634,2;3634,2;0;0;0;0;0;0
1;119913;7800;7800;7800;7800;7800;7800;7800;7800;7800;7800;0;0
1;120862;7194;7194;7194;7194;7194;7194;7194;7194;7194;7194;0;0
1;121348;7134;7134;7134;7134;7134;7134;7134;7134;0;0;0;0
1;119512;5394;5394;5770,7;4988,52;8440,92;7592,45;8804,97;8120,84;8704,04;8667,77;0;0
1;121817;5754;5694;6091,39;4105,62;7020,05;7161,35;9047,61;9173,03;10160,73;8440,65;0;0
1;121778;6801,15;6801,15;6801,15;6801,15;11817,72;11817,72;11817,72;11817,72;11817,72;11817,72;0;0
1;120367;2721,36;2721,36;2721,36;2721,36;2721,36;2721,36;2721,36;2721,36;0;0;0;0
1;120009;3708;3708;3708;3708;3708;3708;3708;3708;0;0;0;0
1;121920;6954;6894;7375,39;5680,71;8440,92;9098,87;10192,41;8570,43;10486,76;8440,65;0;0
1;119108;5223,07;5223,07;5223,07;5223,07;5223,07;5223,07;5223,07;5223,07;0;0;0;0
1;121756;10563,24;10563,24;10563,24;10563,24;10563,24;0;0;0;0;0;0;0
1;119850;9006;9006;9006;9006;9006;9006;9006;9006;9006;9006;0;0
1;121950;2634;2634;2634;2634;3317,82;3317,82;3317,82;3317,82;0;0;0;0
1;118445;8205,55;8205,55;8205,55;8205,55;8205,55;8205,55;8205,55;8205,55;8205,55;8205,55;0;0
1;118860;4915,27;4915,27;4915,27;4915,27;4915,27;4915,27;4915,27;4915,27;4915,27;4915,27;0;0
1;118976;5707,39;5707,39;5707,39;6264,21;6264,21;6264,21;6264,21;6264,21;0;0;0;0
1;122084;2245,8;2245,8;2245,8;2245,8;2245,8;2245,8;2245,8;2245,8;0;0;0;0
1;121167;6151,92;6151,92;6151,92;6151,92;0;0;0;0;0;0;0;0
1;121042;5832;5832;5832;5832;5832;5832;5832;5832;0;0;0;0
1;117897;4560;4560;4560;4560;4560;4560;4560;4560;0;0;0;0
1;120813;2513,7;2513,7;2766;2766;2874;2874;2874;2874;0;0;0;0
1;120319;8849,1;8849,1;8849,1;8849,1;0;0;0;0;0;0;0;0
1;119058;4912,16;4912,16;4912,16;4912,16;4912,16;4912,16;4912,16;4912,16;4912,16;4912,16;0;0
1;119777;17688;17688;17688;17688;17688;17688;17688;17688;0;0;0;0
1;118386;3149;3149;3369,42;3369,42;3605,26;3605,26;3857,58;3857,58;0;0;0;0
1;121481;10389,6;10389,6;10389,6;10389,6;10389,6;10389,6;10389,6;10389,6;10389,6;10389,6;0;0
1;120190;8580;8580;8580;8580;8580;8580;8580;8580;8580;8580;0;0
1;117917;2342,1;2342,1;2342,1;2342,1;2342,1;2342,1;2342,1;2342,1;0;0;0;0
1;118515;11788,84;10441,56;11283,59;13472,95;11957,22;13051,86;11788,8;16335,88;8420,56;0;0;0
1;121438;7170;7170;7170;7170;7170;7170;7170;7887;10755;7887;0;0
1;119407;3667,95;3667,95;3667,95;3667,95;3667,95;3667,95;3667,95;3667,95;0;0;0;0
1;119763;8400;8400;8400;8400;8400;8400;8400;8400;8400;8400;0;0
1;120154;5100,92;5100,92;5100,92;5100,92;5100,92;5100,92;5100,92;5100,92;0;0;0;0
1;120270;6060,52;6060,52;6060,52;6060,52;6060,52;6060,52;6060,52;6060,52;0;0;0;0
1;119565;10194;10194;10704;10704;9714;9714;10200;9360;9360;8160;0;0
1;119595;7756,78;7756,78;7756,78;7756,78;7756,78;7756,78;7756,78;7756,78;7756,78;7756,78;0;0
1;121238;6813,87;8176,65;8176,65;8176,65;7495,26;9539,42;8858,03;8176,65;7495,26;7495,26;0;0
1;118172;8966,1;8966,1;8966,1;8966,1;8966,1;8966,1;8966,1;8966,1;8966,1;8966,1;0;0
1;118132;2940;2940;2940;2940;3300;3300;3420;3600;0;0;0;0
1;120354;2199;1919,86;1842,97;1937,16;0;0;0;0;0;0;0;0
1;121440;4914;4854;5770,7;4444,74;7020,05;6327;6327;6327;6327;6327;0;0
1;121782;4111,6;4111,6;4111,6;4111,6;4111,6;5154,19;5154,19;8350,83;0;0;0;0
1;119820;3689,4;3660;4316,6;3904,49;7315,56;6745,8;7658,76;6753,78;0;0;0;0
1;119982;5036,18;5036,18;5036,18;5036,18;5036,18;5036,18;5036,18;5036,18;5036,18;5036,18;0;0
1;120287;7739,4;7739,4;7739,4;7739,4;7739,4;7739,4;7739,4;7739,4;0;0;0;0
1;120200;5138,8;5129,94;5129,94;5129,94;5129,94;5129,94;5129,94;5129,94;0;0;0;0
1;120667;49020;49020;49020;49020;49020;49020;49020;49020;49020;49020;49020;49020
1;118736;3078;3078;3078;3078;0;0;0;0;0;0;0;0
1;119435;2263,95;2263,95;2263,95;2263,95;0;0;0;0;0;0;0;0
1;118311;4212;4212;4212;4212;4212;0;0;0;0;0;0;0
1;121414;8862;8862;8862;8862;8862;8862;8862;8862;8862;0;0;0
1;118224;5816,64;5816,64;5816,64;5816,64;5816,64;5816,64;5816,64;5816,64;5816,64;5816,64;0;0
1;120548;3418,38;2985,44;2914,76;3841,98;3745,33;7426,42;5179,11;5291,28;0;0;0;0
1;120202;3601,8;3595,59;3595,59;3595,59;3595,59;3595,59;3595,59;3595,59;0;0;0;0
1;119472;4505,81;4505,81;4505,81;4505,81;4505,81;4505,81;4505,81;4505,81;4505,81;0;0;0
1;121157;4183,2;4183,2;4183,2;4183,2;4183,2;4183,2;4183,2;4183,2;0;0;0;0
1;117999;2750;2750;2750;2750;2750;4424,81;4424,81;4424,81;0;0;0;0
1;119373;6810;6810;6810;6810;6810;6810;0;0;0;0;0;0
1;121971;4914;4914;4914;4914;4914;4914;4914;4914;4914;4914;0;0
1;118977;4050,24;4050,24;4050,24;4050,24;4050,24;4050,24;0;0;0;0;0;0
1;122112;8464,08;9583,94;9127,56;12554,3;11956,48;17726,87;16882,73;17726,87;16882,73;17726,8;0;0
1;122063;4194;4134;5128,56;4321,98;6316,56;6229,67;8641,4;7893,72;9817,88;7610,99;0;0
1;119897;6021,39;6021,39;6021,39;6021,39;6021,39;6021,39;6021,39;6021,39;0;0;0;0
1;121747;6210;6396;6396;6396;6396;12300;12300;12300;0;0;0;0
1;118805;3353,16;3463,35;3463,35;3636,52;4335,19;6139,14;5846,79;6139,14;0;0;0;0
1;120613;7194;7194;7194;7194;7194;7194;7194;7194;7194;7194;0;0
1;120575;7718,26;7718,26;7718,26;7718,26;7718,26;7718,26;7718,26;7718,26;7718,26;7718,26;0;0
1;121768;6173,92;6173,92;6173,92;6173,92;6173,92;12199,36;12199,36;12199,36;12199,36;12199,36;0;0
1;120470;6984;6984;6984;6984;7456,2;7456,2;7456,2;7456,2;0;0;0;0
1;120465;7977,42;7977,42;7977,42;7977,42;7977,42;7977,42;7977,42;7977,42;7977,42;7977,42;0;0
1;120261;757,17;757,17;757,17;757,17;757,17;757,17;757,17;757,17;757,17;757,17;0;0
1;121476;6965,74;6965,74;6965,74;6965,74;6965,74;6965,74;6965,74;6965,74;6965,74;6965,74;0;0
1;121139;15373,26;15373,26;15373,26;15373,26;15373,26;15373,26;15373,26;15373,26;15373,26;15373,26;0;0
1;119967;5916;5916;5916;5916;5916;5916;5916;5916;0;0;0;0
1;118051;2838,3;2838,3;2838,3;2601,77;3074,82;3074,82;2601,77;1892,2;0;0;0;0
1;121666;7718,91;7718,91;9924,31;9924,31;9924,31;9924,31;9924,31;9924,31;9924,31;9924,31;0;0
1;120531;3945,6;3945,6;3835,2;3724,8;3836,54;3839,61;0;0;0;0;0;0
1;120005;4494;4494;4494;4494;4494;4494;4494;4494;4494;4494;0;0
1;121004;3599,88;3599,88;3599,88;3599,88;3599,88;3599,88;0;0;0;0;0;0
1;118234;8808,22;8808,22;8808,22;7340,18;7340,18;7340,18;7340,18;7340,18;7340,18;8808,22;0;0
1;121243;3161,51;3161,51;3161,51;3161,51;3424,96;3820,15;3820,15;3688,42;0;0;0;0
1;118778;4446;4446;4446;4446;4446;4446;4446;4446;4446;4446;0;0
1;118029;3183,1;3183,1;3183,1;3183,1;3183,1;3183,1;3183,1;3183,1;3183,1;3183,1;0;0
1;118173;3600;3600;3996;3996;4435,56;4435,56;4923,47;4923,47;0;0;0;0
1;119944;46512;46512;46512;46512;46512;46512;46512;46512;46512;46512;46512;46512
1;121183;5073;5073;5073;5073;5073;5073;5073;5073;5073;5073;0;0
1;120147;6599,4;6599,4;6599,4;6599,4;6599,4;6599,4;6599,4;6599,4;6599,4;6599,4;0;0
1;118973;4559,4;4559,4;4559,4;4559,4;4559,4;4559,4;4559,4;4559,4;4559,4;4559,4;0;0
1;119492;6288,72;6288,72;6288,72;6288,72;6288,72;6288,72;6288,72;6288,72;6288,72;6288,72;0;0
1;119081;4962,04;4962,04;4962,04;4962,04;4962,04;4962,04;4962,04;4962,04;4962,04;4962,04;0;0
1;120727;5646;5646;5646;5646;5646;5646;5646;5646;5646;5646;0;0
1;117982;3431,9;3431,9;3603,51;3603,51;3783,69;3783,69;3972,87;3972,87;0;0;0;0
1;119523;7153,5;7153,5;7017,24;7017,24;7017,24;7017,24;6135,24;6135,24;0;0;0;0
1;119207;6084;6084;6084;6084;6084;6084;6084;6084;6084;6084;0;0
1;121213;8946;8946;8946;8946;8946;8946;8946;8946;0;0;0;0
1;121218;10725,36;11849,02;11688;11500,32;11462,97;11914,88;11308,92;11535,81;11119,39;9716,07;0;0
1;120811;4365;4365;4365;4365;4365;4365;4365;4365;0;0;0;0
1;121593;5107,49;5674,99;4539,99;5674,99;5674,99;5674,99;5674,99;5674,99;7377,49;3972,49;0;0
1;120126;54600;54600;54600;54600;54600;54600;54600;54600;54600;54600;54600;54600
1;118707;2879,4;2879,4;2879,4;2879,4;2879,4;0;0;0;0;0;0;0
1;119599;4536;4536;4536;4536;4536;4536;9726;9726;0;0;0;0
1;118286;5384,34;5384,34;5384,34;5384,34;5384,34;5384,34;0;0;0;0;0;0
1;121029;5640;5640;5640;5640;5640;5640;5640;5640;0;0;0;0
1;120039;6366,67;6366,67;6366,67;6366,67;6366,67;6366,67;6366,67;6366,67;6366,67;6366,67;0;0
1;119749;7406,14;7406,14;7406,14;7406,14;7406,14;7406,14;7406,14;7406,14;0;0;0;0
1;121994;10034,79;10034,79;10034,79;10034,79;10034,79;10034,79;10034,79;10034,79;0;0;0;0
1;119683;17979,2;19777,12;22474;23372,96;21575,04;23372,96;25170,88;24271,92;18878,16;898,96;0;0
1;120468;61722;60528;60528;60528;60528;60528;60528;60528;60528;60528;60528;60528
1;119894;1954,58;1954,58;2606,1;2606,1;2606,1;2606,1;2466,24;2466,24;0;0;0;0
1;118220;5205,22;5205,22;5205,22;5205,22;5205,22;5205,22;5205,22;5205,22;5205,22;5205,22;0;0
1;120867;4434,6;4434,6;4434,6;4434,6;4434,6;4434,6;4434,6;4434,6;0;0;0;0
1;119581;7884;7884;7884;7884;7884;7884;7884;7884;7884;7884;0;0
1;117868;6921,78;6921,78;6921,78;6921,78;6921,78;6921,78;6921,78;6921,78;6921,78;6921,78;0;0
1;121946;5634;5754;6412,56;4939,11;6660,81;7281,86;9216,41;8269,16;9688,19;9349,16;0;0
1;120716;6424,4;6424,4;6424,4;6424,4;6424,4;6424,4;13938;13938;0;0;0;0
1;121573;13469,28;14591,72;14591,72;14591,72;15714,16;16836,6;15714,16;15714,16;13469,28;14591,72;0;0
1;121498;16950;16950;16950;16950;16950;16950;16950;16950;16950;16950;0;0
1;119965;5034;4794;5128,56;3643,7;5776,29;5372,19;5372,19;5372,19;5372,19;5372,19;0;0
1;121879;3060;3060;3060;3060;3060;3060;3060;3060;0;0;0;0
1;120819;9362,64;9656,63;10042,91;10042,91;0;0;0;0;0;0;0;0
1;121568;10717,08;9742,8;11691,36;11691,36;9745,8;11691,36;11691,36;10717,08;11691,36;13639,92;0;0
1;122085;3174,9;2474,98;2372,38;2365,73;0;0;0;0;0;0;0;0
1;120557;5883,72;5883,72;5883,72;5883,72;5883,72;5883,72;5883,72;5883,72;5883,72;5883,72;0;0
1;120223;3719,4;3719,4;3719,4;3719,4;3719,4;3719,4;3719,4;3719,4;0;0;0;0
1;120503;5227,2;5227,2;5227,2;5227,2;5227,2;5227,2;5227,2;5227,2;0;0;0;0
1;120059;7176;7176;7176;7176;7176;7176;7176;7176;0;0;0;0
1;121731;10374,91;10374,91;10374,91;10374,91;11239,49;12104,06;11239,49;11239,49;0;0;0;0
1;120316;20827,71;20827,71;20827,71;20827,71;20827,71;20827,71;20827,71;20827,71;20827,71;20827,71;0;0
1;121664;6337,98;6337,98;6337,98;6337,98;6337,98;6337,98;6337,98;6337,98;5704,18;5070,38;0;0
1;121299;2693,28;2693,28;2693,28;2693,28;2693,28;2693,28;2693,28;2693,28;0;0;0;0
1;118201;5820;5820;6402;6402;7042,2;7042,2;7746,42;7746,42;9373,16;9373,16;0;0
1;119068;7314,92;7314,92;7314,92;7314,92;7314,92;7314,92;7314,92;7314,92;7314,92;7314,92;0;0
1;118250;6374,13;6374,13;6374,13;6374,13;6374,13;6374,13;6374,13;6374,13;6374,13;6374,13;0;0
1;120972;12060;11868;11724,96;11724,96;11893,86;11893,86;12004,38;12004,38;0;0;0;0
1;118861;4500;4500;4500;4500;4500;4500;4500;4500;0;0;0;0
1;121496;7631,06;7631,06;7631,06;7631,06;7631,06;7631,06;7631,06;7631,06;0;0;0;0
1;120346;4619,4;4619,4;4619,4;4619,4;4619,4;4619,4;4619,4;4619,4;4619,4;4619,4;0;0
1;117867;8775,96;8775,96;8775,96;8775,96;8775,96;8775,96;8775,96;8775,96;8775,96;8775,96;0;0
1;120584;3508,74;3063,01;2918,58;3264,86;0;0;0;0;0;0;0;0
1;121660;8450,25;8450,25;8450,25;8450,25;8772,8;8772,8;8772,8;8772,8;0;0;0;0
1;120060;1405,5;1405,5;1405,5;1405,5;1405,5;1405,5;1405,5;1405,5;1405,5;1405,5;0;0
1;120290;7188;7188;7188;7188;7188;7188;7188;7188;0;0;0;0
1;119615;4944;4944;4945,5;5054,77;4898,39;5170,68;4862,67;4922,77;4583,69;4894,83;0;0
1;120595;4536;4536;4536;4536;4536;4536;4536;4536;0;0;0;0
1;119272;4830;4830;4830;4830;4830;4830;4830;4830;0;0;0;0
1;121751;1800,57;1800,57;1800,57;1800,57;1800,57;1800,57;1800,57;1800,57;1800,57;1800,57;0;0
1;120293;5399,4;5399,4;5399,4;5399,4;5399,4;0;0;0;0;0;0;0
1;121215;9234;9234;9234;9234;9234;9234;9234;9234;9234;9234;0;0
1;120460;6130,56;6130,56;6130,56;6130,56;6130,56;6130,56;6130,56;6130,56;0;0;0;0
1;121071;13188;25270,14;25270,14;25270,14;25270,14;25270,14;25270,14;25270,14;25270,14;25270,14;0;0
1;121115;5994;5574;5963,23;4790,79;7174,53;7230,87;8179,88;7745,4;0;0;0;0
1;119598;3234;3234;3231,9;3303,31;3073,23;3244,07;3043,54;3081,15;0;0;0;0
1;118893;4940,35;4940,35;4940,35;4940,35;4940,35;4940,35;5763,74;5763,74;5763,74;4940,35;0;0
1;120764;3634,2;3634,2;3634,2;3634,2;3634,2;3634,2;9252;9252;0;0;0;0
1;118718;9767,14;9767,14;9767,14;9767,14;10304,34;10304,34;10500,59;10880,79;10880,79;11170,03;0;0
1;121221;5073;5073;5073;5073;0;0;0;0;0;0;0;0
1;121603;10425,21;10425,21;10425,21;10425,21;10425,21;10425,21;10425,21;10425,21;10425,21;10425,21;0;0
1;118651;1475,57;1475,57;1475,57;1475,57;1475,57;1475,57;1475,57;1475,57;0;0;0;0
1;119933;2994,04;2994,04;2994,04;2994,04;2994,04;2994,04;2994,04;2994,04;0;0;0;0
1;119098;4285,32;4285,32;4628,14;4628,14;4998,34;4998,34;5398,19;5398,19;5830;5830;0;0
1;120421;3474;3504;3459,7;4004,69;5527,98;4621,28;5180,58;5033,79;0;0;0;0
1;119771;2633,52;2720,06;2880,07;3360,08;3200,08;3558,36;0;0;0;0;0;0
1;120095;12796,5;12796,5;12796,5;12796,5;12796,5;12796,5;12796,5;12796,5;0;0;0;0
1;122059;2999,4;2999,4;2999,4;2999,4;2999,4;0;0;0;0;0;0;0
1;119889;4454,1;4454,1;4454,1;4454,1;4454,1;4454,1;0;0;0;0;0;0
1;121943;6054;5994;6412,56;4939,11;7020,05;6665,4;9374,67;8422,11;8546,45;6734,93;0;0
1;118034;4867,62;4867,62;4867,62;4867,62;4867,62;4867,62;4867,62;4867,62;4867,62;4867,62;0;0
1;118026;2430,05;2430,05;2430,05;2430,05;2430,05;2430,05;2430,05;2430,05;2430,05;2430,05;0;0
1;119236;2428,2;2428,2;2428,2;2428,2;2428,2;2428,2;2428,2;2428,2;0;0;0;0
1;117925;7392;7392;7392;7392;7392;7392;7392;7392;7392;7392;0;0
1;119544;3689,4;3660;4316,61;3904,5;2926,23;2781,78;0;0;0;0;0;0
1;118207;11101,03;11101,03;11101,03;11101,03;11101,03;11101,03;11101,03;11101,03;11101,03;11101,03;0;0
1;118839;5399,4;5399,4;5399,4;5399,4;5399,4;5399,4;5399,4;5399,4;5399,4;5399,4;0;0
1;119973;3432;3534;3534;3534;4002;4968;0;0;0;0;0;0
1;121839;9392,54;9392,54;9392,54;9392,54;9392,54;9392,54;9392,54;9392,54;9392,54;9392,54;0;0
1;120453;3634,2;3634,2;3634,2;3634,2;3634,2;3634,2;9252;9252;0;0;0;0
1;119084;4500;4500;5352;5352;5892;5892;4632;4632;8268;8268;0;0
1;120585;8994;9894;10585,2;8893,35;15882,98;14030,69;14571,18;13089,74;12483,63;11156,9;0;0
1;119423;18371,1;18371,1;18371,1;18371,1;18371,1;18371,1;18371,1;18371,1;18371,1;18371,1;0;0
1;121637;8585,72;8585,72;8585,72;8585,72;8585,72;8585,72;8585,72;0;0;0;0;0
1;119562;6328,2;6328,2;6328,2;6328,2;6328,2;6328,2;0;0;0;0;0;0
1;121600;7681,89;7681,89;8047,6;8047,6;9657,12;10461,88;10461,88;10461,88;9657,12;9657,12;0;0
1;121234;6126;6126;6126;6126;6126;6126;6126;6126;0;0;0;0
1;121024;5400;5400;5400;5400;5400;5400;5400;5400;0;0;0;0
1;119542;7846,5;7846,5;7846,5;7846,5;7846,5;7846,5;7846,5;7846,5;7846,5;7846,5;0;0
1;122253;8955;8955;8955;8955;8955;0;0;0;0;0;0;0
1;118593;4992;4992;4992;4992;4992;4992;0;0;0;0;0;0
1;119900;8325,96;8325,96;8325,96;8325,96;8325,96;8325,96;8325,96;8325,96;8325,96;8325,96;0;0
1;120844;11040,9;11040,9;11040,9;11040,9;11040,9;11040,9;11040,9;11040,9;0;0;0;0
1;120257;24828,76;24828,76;24828,76;24828,76;24828,76;24828,76;24828,76;24828,76;24828,76;24828,76;0;0
1;119957;7633,56;7633,56;7633,56;7633,56;7633,56;7633,56;7633,56;7633,56;7633,56;7633,56;0;0
1;119920;4588,01;4588,01;4588,01;4588,01;4588,01;4588,01;0;0;0;0;0;0
1;122251;7386,5;7386,5;7386,5;7386,5;7386,5;7386,5;7386,5;7386,5;7386,5;0;0;0
1;117998;4276,25;4276,25;4276,25;4276,25;4276,25;4276,25;4276,25;4276,25;4276,25;4276,25;0;0
1;119578;7914;7914;8310;8226;8310;8226;8310;8226;0;0;0;0
1;121935;6036,25;6036,25;6036,25;6036,25;6036,25;6036,25;6036,25;6036,25;6036,25;6036,25;0;0
1;119972;4272;4272;4272;4272;4272;4272;4272;4272;0;0;0;0
1;120913;48861,65;48861,65;48860,44;48860,42;46729,08;48861,65;48861,65;48861,65;48861,65;48861,65;48862;48862
1;121086;7620;8820;8820;8820;8820;8820;8820;8820;8820;8820;0;0
1;121032;6012;6012;6012;6012;6012;6012;6012;6012;0;0;0;0
1;121704;16577,24;17958,67;16577,24;16577,24;16577,24;16577,24;16577,24;17958,67;16577,24;17958,67;0;0
1;120566;4290;4416;4416;5430;5430;5430;5430;5430;0;0;0;0
1;119394;11567,49;11567,49;11567,49;11567,49;11567,49;11567,49;11567,49;11567,49;0;0;0;0
1;121117;10614;10554;11869,06;10561,91;15819,71;12459,38;15499,62;15050,43;16389,99;13177,8;0;0
1;120552;3906;3906;3906;3906;0;0;0;0;0;0;0;0
1;122107;2400;2400;2400;2700;2940;3300;3660;3960;0;0;0;0
1;119898;7308;7308;7308;7308;7308;7308;7308;7308;7308;7308;0;0
1;119709;8922;8922;8922;8922;8922;8922;8922;8922;8922;8922;0;0
1;120899;4143,9;4143,9;4143,9;4143,9;4143,9;4143,9;0;0;0;0;0;0
1;120665;3351,6;3351,6;3351,6;3351,6;3351,6;3351,6;0;0;0;0;0;0
1;118966;48099,54;48099,54;48099,54;48099,54;48099,54;48099,54;48099,54;48099,54;48099,54;48099,54;48100;48100
1;118109;6450,71;5521,49;5846,29;6138,6;6556,77;7674,61;7309,15;7674,61;7309,15;9862,24;0;0
1;118159;3054;2994;4531,82;3489,71;3200,27;3200,27;3755,7;6206;0;0;0;0
1;122018;5694;5334;5712,91;4642,47;6612,03;6665,4;8984,3;7745,4;11975,58;8667,77;0;0
1;118693;4573,8;4573,8;4573,8;4573,8;0;0;0;0;0;0;0;0
1;122167;8496;8496;8496;8496;8496;8496;8496;8496;8496;8496;0;0
1;121542;5970;5970;5970;5970;5970;5970;0;0;0;0;0;0
1;121885;4536;4536;4536;4536;4536;4536;4536;4536;0;0;0;0
1;120024;7980;7980;7980;7980;7980;7980;7980;7980;7980;7980;0;0
1;119806;5472;5472;5472;5472;5472;5472;0;0;0;0;0;0
1;118796;12954,6;12954,6;12954,6;12954,6;12954,6;12954,6;12954,6;12954,6;12954,6;12954,6;0;0
1;120463;3131,64;2736,57;2599,09;2795,96;3232,44;3565,49;4301,3;4301,3;0;0;0;0
1;121588;8450,25;8450,25;8450,25;10527,36;10527,36;10527,36;8772,8;8772,8;8772,8;10527,36;0;0
1;118967;44949,16;44949,16;44949,16;44949,16;44949,16;44949,16;44949,16;44949,16;44949,16;44949,16;44949;44949
1;118490;3591;3770,55;3958,65;4156,25;4363,35;4581,51;4809,85;5050,2;0;0;0;0
1;118640;58200;58200;58200;58200;58200;58200;58200;58200;58200;58200;58200;58200
1;121182;4104;4104;4104;4104;4104;4104;4104;4104;0;0;0;0
1;119993;6143,35;6143,35;6143,35;6143,35;6143,35;6143,35;6143,35;6143,35;6143,35;6143,35;0;0
1;118989;8754,48;8754,48;8754,48;8754,48;8754,48;8754,48;8754,48;8754,48;0;0;0;0
1;121691;6914,4;6914,4;6914,4;7605,84;7605,84;8988,72;8988,72;8988,72;0;0;0;0
1;120895;6594,9;6594,9;6594,9;6594,9;6594,9;6594,9;6594,9;6594,9;6594,9;6594,9;0;0
1;121668;11491,2;11491,2;12209,4;12927,6;12568,5;13645,8;12927,6;11491,2;15441,3;13286,7;0;0
1;119809;2850;2850;2850;2850;2850;2850;0;0;0;0;0;0
1;119396;4002;4669;4669;4669;4669;3335;0;0;0;0;0;0
1;119070;18576;18576;18576;18576;18576;18576;18576;18576;18576;18576;0;0
1;120390;5628,47;5628,47;5628,47;5628,47;5628,47;5628,47;5628,47;5628,47;0;0;0;0
1;121366;6184,5;6184,5;6184,5;6184,5;0;0;0;0;0;0;0;0
1;119211;2700;2700;2940;2940;3100;3100;3120;3120;0;0;0;0
1;119964;5967,84;5967,84;5967,84;5967,84;5967,84;5967,84;7459,8;7459,8;7459,8;7459,8;0;0
1;121967;4254;4194;5128,56;3950,28;5613,21;5139,27;5849,6;5081,94;0;0;0;0
1;119226;9948;9948;9948;9948;9948;9948;9948;9948;9948;9948;0;0
1;119056;4912,16;4912,16;4912,16;4912,16;4912,16;4912,16;4912,16;4912,16;4912,16;4912,16;0;0
1;120677;4138,98;4138,98;4138,98;4138,98;4138,98;4138,98;4138,98;4138,98;0;0;0;0
1;121357;7269,9;7269,9;7269,9;7269,9;7269,9;7269,9;7269,9;7269,9;7269,9;7269,9;0;0
1;120288;19050;19050;19050;19050;19050;19050;19050;19050;0;0;0;0
1;121164;16751,66;16751,66;16751,66;16751,66;16751,66;16751,66;16751,66;16751,66;16751,66;16751,66;0;0
1;120111;44724;44724;44724;44724;44724;44724;44724;44724;44724;44724;44724;44724
1;120431;15735,07;15735,07;15735,07;15735,07;15735,07;15735,07;15735,07;15735,07;15735,07;15735,07;0;0
1;121815;3157,8;3157,8;3157,8;3157,8;3157,8;3157,8;0;0;0;0;0;0
1;120242;698,83;698,83;698,83;698,83;698,83;698,83;698,83;698,83;0;0;0;0
1;120747;4514,4;4514,4;4514,4;4514,4;4514,4;4514,4;4514,4;4514,4;0;0;0;0
1;118096;2639,4;2639,4;2639,4;2639,4;2639,4;2639,4;2639,4;0;0;0;0;0
1;118165;6654;6594;7048,08;5428,58;6068,93;6068,93;6069,29;7283,12;7283,12;7283,12;0;0
1;119218;58200;58200;58200;58200;58200;58200;58200;58200;58200;58200;58200;58200
1;121871;3078;3078;3078;3078;3078;3078;0;0;0;0;0;0
1;120328;42960;42960;42960;42960;42960;42960;42960;42960;42960;42960;42960;42960
1;121379;7385,93;8863,16;8863,16;8863,16;8863,16;11817,54;13294,74;11817,54;11817,54;8124,56;0;0
1;121800;55149,96;55149,96;55149,96;55149,96;55149,96;55149,96;55149,96;55149,96;55149,96;55149,96;55150;55150
1;119591;49847,16;49847,16;49874,16;49874,16;49874,16;49874,16;49874,16;49874,16;49874,16;49874,16;49874;49874
1;121741;11495;11495;11495;11495;11495;11495;11495;11495;0;0;0;0
1;118489;3901,74;3251,45;3251,45;3251,45;5446,21;6096,5;6096,5;1950,87;0;0;0;0
1;118406;53481,72;53481,72;53481,72;53481,72;53481,72;53481,72;53481,72;53481,72;53481,72;53481,72;53482;53482
1;121985;3894;3834;4486,7;3455,91;5061,78;6665,4;8542,62;8236,71;0;0;0;0
1;119374;12565,58;12565,58;12565,58;12565,58;12565,58;12565,58;12565,58;12565,58;12565,58;12565,58;0;0
1;120842;56580;56580;58843,2;58843,2;62079,6;61559,04;58732,68;58732,68;58732,68;58732,68;58733;58733
1;119824;5578,92;5578,92;5578,92;5578,92;5578,92;5578,92;5578,92;5578,92;0;0;0;0
1;119299;58200;58200;58200;58200;58200;58200;58200;58200;58200;58200;58200;58200
1;119044;2246,77;2246,77;2246,77;2246,77;2246,77;2246,77;2246,77;2246,77;0;0;0;0
1;122045;12967,39;12967,39;12967,39;12967,39;12967,39;12967,39;12967,39;12967,39;0;0;0;0
1;122164;4086,18;4086,18;4086,18;4086,18;4086,18;4086,18;0;0;0;0;0;0
1;120518;5899,2;5731,2;5731,2;5563,2;5730,09;5733,93;5733,93;5733,93;5458,17;5458,17;0;0
1;121090;4152;4152;4401,12;4401,12;4621,2;4665,18;5656,14;5656,14;0;0;0;0
1;121988;5750,25;5750,25;5750,25;5750,25;5750,25;5750,25;5750,25;5750,25;0;0;0;0
1;120775;48189,6;48189,6;48189,6;48189,6;48189,6;48189,6;48189,6;48189,6;48189,6;48189,6;48190;48190
1;117880;6416,1;6416,1;6416,1;6416,1;6416,1;6416,1;6416,1;6416,1;6416,1;6416,1;0;0
