ano;semestre;cod_grupo_preferencia;1_semestre_bruto;2_semestre_bruto;3_semestre_bruto;5_semestre_bruto;6_semestre_bruto;7_semestre_bruto;8_semestre_bruto;9_semestre_bruto;10_semestre_bruto;11_semestre_bruto;12_semestre_bruto
2021;1;118659;9499,38;10863,3;10863,24;10863,18;10863,12;12091,26;12232,92;0;0;0;0
2021;1;118899;5220;5220;5220;5220;5220;5220;5220;0;0;0;0
2021;1;119104;4113,43;4113,43;4113,43;4113,43;4113,43;4113,43;4113,43;0;0;0;0
2021;1;120964;6000;6000;6000;6000;6000;6000;0;0;0;0;0
2021;1;121354;4194;4194;4509,68;0;0;0;0;0;0;0;0
2021;1;120924;7620;6728,88;6303,12;7471,68;7294,56;8489,04;8892,78;0;0;0;0
2021;1;117966;7200;7200;7200;7200;7200;7200;7200;7200;7200;0;0
2021;1;120919;7541,76;6792,84;7058,34;8018,16;5801,4;6553,2;4151,4;4151,4;4151,4;0;0
2021;1;121441;7584,36;7490,64;9063,06;9542,76;9174;10251,12;8883,6;0;0;0;0
2021;1;120958;4799,14;4799,14;4799,14;4799,14;4799,14;4799,14;4799,14;0;0;0;0
2021;1;117997;10251,3;10251,3;10251,3;10251,3;10251,3;10251,3;10251,3;10251,3;10251,3;0;0
2021;1;122072;10449;10449;10449;10449;10449;10449;10449;10449;10449;0;0
2021;1;120240;8302,04;8302,04;8302,04;8302,04;8302,04;8302,04;8302,04;8302,04;8302,04;0;0
2021;1;122194;10475,7;10475,7;10475,7;10475,7;10475,7;10475,7;10475,7;10475,7;10475,7;0;0
2021;1;118975;7245,66;7245,66;7245,66;7245,66;7245,66;7245,66;7245,66;7245,66;0;0;0
2021;1;119258;6840;6840;6840;6840;6840;6840;6840;6840;6840;0;0
2021;1;120998;5370;5370;5897,87;6477,63;6477,63;7114,38;7114,38;0;0;0;0
2021;1;120999;4340,82;4340,82;4340,82;0;0;0;0;0;0;0;0
2021;1;120978;4548;4548;4548;4548;4548;4548;4548;0;0;0;0
2021;1;121645;11389,18;11389,18;11389,18;11389,18;11389,18;11389,18;11389,18;0;0;0;0
2021;1;119722;7456,29;7456,29;7456,29;7456,29;7456,29;7456,29;7456,29;0;0;0;0
2021;1;120250;4627,71;4627,71;4627,71;4627,71;4627,71;0;0;0;0;0;0
2021;1;120280;5760;6778,92;6778,92;6778,92;6778,92;6778,92;6778,92;0;0;0;0
2021;1;119291;13944,42;13944,42;13944,42;13944,42;13944,42;13944,42;13944,42;13944,42;13944,42;0;0
2021;1;120938;13662;13662;13662;13662;13662;13662;13662;13662;13662;0;0
2021;1;118298;8521,86;7865,64;8712,48;9324,18;11820,6;15328,14;14348,4;15469,86;12559,8;0;0
2021;1;119443;7548;7548;7548;7548;7548;7548;7548;7548;7548;0;0
2021;1;118818;8412,84;8412,84;8412,84;8412,84;8412,84;8412,84;8412,84;8412,84;8412,84;0;0
2021;1;121833;9203,58;8560,74;10711,26;8250;8250;8250;8250;8250;8250;0;0
2021;1;120936;7757,16;7328,58;9415,08;7157,1;7068,6;8640,72;9952,8;10758;9484,2;0;0
2021;1;118108;7970,57;7970,57;7970,57;7970,57;7970,57;7970,57;7970,57;0;0;0;0
2021;1;119142;7542;7542;7542;7542;7542;7542;7542;7542;7542;0;0
2021;1;119212;4476;4476;4476;4476;4476;4476;4476;0;0;0;0
2021;1;120298;9868,38;9868,38;9868,38;9868,38;9868,38;9868,38;9868,38;0;0;0;0
2021;1;119899;5922,47;5922,47;5922,47;5922,47;5922,47;5922,47;5922,47;5922,47;5922,47;0;0
2021;1;120628;5558,88;5558,88;5558,88;5558,88;5558,88;5558,88;0;0;0;0;0
2021;1;117886;10158;10158;10158;10158;10158;10158;10158;0;0;0;0
2021;1;118381;7590,03;7590,03;7590,03;7590,03;7590,03;7590,03;7590,03;7590,03;7590,03;0;0
2021;1;120260;4080;4080;4080;4080;4080;4080;4080;4080;4080;0;0
2021;1;120945;11473,39;10289,91;11473,39;11473,39;10289,91;11473,39;11473,39;11473,39;11473,39;0;0
2021;1;119756;6792;6792;6792;6792;6792;6792;6792;0;0;0;0
2021;1;120641;6936;6936;6936;6936;6936;12624;12624;12624;12624;0;0
2021;1;118565;2700;2700;2970;0;0;0;0;0;0;0;0
2021;1;118299;5010;5010;5010;5010;5010;5010;5010;0;0;0;0
2021;1;117962;6995,76;6995,76;6995,76;6995,76;6995,76;6995,76;6995,76;6995,76;6995,76;0;0
2021;1;119016;5877,04;5877,04;5877,04;5877,04;5877,04;5877,04;5877,04;0;0;0;0
2021;1;118443;5604,42;5604,42;5604,42;5604,42;5604,42;5604,42;5604,42;5604,42;5604,42;0;0
2021;1;119713;9516;9516;9516;9516;9516;9516;9516;9516;9516;0;0
2021;1;120992;10554;10554;10554;10554;10554;10554;10554;10554;10554;0;0
2021;1;118653;8040;8040;8040;8040;8844;8844;8844;8844;8844;0;0
2021;1;119377;8453,58;6953,58;8236,68;6540,78;8910;12368,4;13919,4;13777,44;11160,6;0;0
2021;1;121995;12379,98;12379,98;12379,98;12379,98;12379,98;12379,98;12379,98;0;0;0;0
2021;1;118317;16314;16314;16314;16314;16314;16314;16314;16314;16314;0;0
2021;1;118536;2624,58;2624,58;2624,58;2624,58;0;0;0;0;0;0;0
2021;1;121730;5896,04;5896,04;5896,04;5896,04;4716,84;5896,04;5306,44;0;0;0;0
2021;1;119642;7563,66;7563,66;7563,66;7563,66;7563,66;7563,66;7563,66;7563,66;7563,66;0;0
2021;1;119408;6759,37;6759,37;6759,37;6759,37;6759,37;6759,37;6759,37;6759,37;6759,37;0;0
2021;1;117979;6130,25;6130,25;6130,25;6130,25;6130,25;6130,25;6130,25;0;0;0;0
2021;1;122198;6480,72;6480,72;6480,72;6480,72;6480,72;0;0;0;0;0;0
2021;1;121491;4540,8;4540,8;4540,8;4540,8;4540,8;6811,2;6811,2;0;0;0;0
2021;1;119641;4627,26;4627,26;4627,26;0;0;0;0;0;0;0;0
2021;1;120940;9726;9726;9726;9726;9726;9726;9726;9726;9726;0;0
2021;1;119364;7771,86;7490,64;8238,18;8813,88;8151;8745,12;12955,8;14587,32;11589,6;0;0
2021;1;118009;5291,06;3528,83;3289,35;3832,46;4141,51;4389,68;4791,24;0;0;0;0
2021;1;118024;6427,71;6427,71;6427,71;6427,71;6427,71;6427,71;6427,71;6427,71;6427,71;0;0
2021;1;119687;6983,26;5583,35;5583,35;6240,21;6898,31;6569,81;6898,31;0;0;0;0
2021;1;120966;8868;8088;8018,4;8135,46;7606,62;8344,32;7713,3;0;0;0;0
2021;1;120986;10488;8988;9484,8;9619,08;9034,74;9912,9;9800,88;0;0;0;0
2021;1;119330;8646;8646;8646;8646;8646;8646;8646;8646;8646;0;0
2021;1;118974;6513,43;6513,43;6513,43;6513,43;6513,43;6513,43;6513,43;6513,43;6513,43;0;0
2021;1;119146;3870,72;3870,72;3870,72;3870,72;0;0;0;0;0;0;0
2021;1;118444;5749,55;5749,55;5749,55;5749,55;5749,55;5749,55;5749,55;5749,55;5749,55;0;0
2021;1;120687;10644;10440;10440;10440;10440;10440;10440;10440;10440;0;0
2021;1;120713;5844;5730;5730;5730;5730;0;0;0;0;0;0
2021;1;119261;9238,35;9238,35;9238,35;9238,35;9238,35;9238,35;9238,35;9238,35;9238,35;0;0
2021;1;121562;6607,2;6607,2;6607,2;6607,2;6607,2;7928,64;7928,64;9910,8;8589,36;0;0
2021;1;120441;4201,93;4201,93;4201,93;4201,93;4201,93;4201,93;4201,93;4201,93;4201,93;0;0
2021;1;121619;11836,32;11836,32;11836,32;11836,32;11836,32;11836,32;11836,32;0;0;0;0
2021;1;117968;6900;6900;6900;6900;6900;6900;6900;6900;6900;0;0
2021;1;120826;5226;5226;5226;5226;5226;5226;5226;0;0;0;0
2021;1;119548;5860,8;5860,8;5860,8;5860,8;5860,8;5860,8;5860,8;0;0;0;0
2021;1;119491;6000;6000;6000;6000;6000;6000;6000;6000;6000;0;0
2021;1;120545;4644;4512;4512;4511,4;4381,62;0;0;0;0;0;0
2021;1;118073;5550,42;5550,42;5550,42;5550,42;5550,42;5550,42;5550,42;0;0;0;0
2021;1;120489;7326;7326;7326;7326;7326;7326;7326;0;0;0;0
2021;1;121748;18594;18594;18594;18594;18594;18594;18594;18594;18594;0;0
2021;1;120997;6395,04;6395,04;6395,04;6395,04;6395,04;6395,04;6395,04;6395,04;0;0;0
2021;1;122200;7303,32;7303,32;7303,32;7303,32;7303,32;7303,32;7303,32;0;0;0;0
2021;1;121676;12322,08;12322,08;12322,08;12322,08;12322,08;12322,08;12322,08;12322,08;12322,08;0;0
2021;1;120252;4080;4080;4080;4080;4080;4080;4080;4080;4080;0;0
2021;1;120927;4138,8;4298,58;7087,02;9173,58;0;0;0;0;0;0;0
2021;1;118700;7199,14;7199,14;7199,14;7199,14;7199,14;7199,14;7199,14;7199,14;7199,14;0;0
2021;1;120939;5721,42;6257,16;5880;4860,9;4983;0;0;0;0;0;0
2021;1;119847;6646,86;6553,14;7207,14;8429,52;8665,8;9669,54;8989,2;0;0;0;0
2021;1;121000;6433,44;6433,44;6433,44;6433,44;6433,44;6433,44;6433,44;0;0;0;0
2021;1;121820;7970,57;7970,57;7970,57;7970,57;7970,57;7970,57;7970,57;7970,57;7970,57;0;0
2021;1;120199;7627,71;7627,71;7627,71;7627,71;7627,71;7627,71;7627,71;0;0;0;0
2021;1;120320;11227,71;11227,71;11227,71;11227,71;0;0;0;0;0;0;0
2021;1;121525;11424;11424;11424;11424;11424;11424;11424;0;0;0;0
2021;1;120498;7680;7680;7680;8354,16;8855,4;8855,4;8855,4;8855,4;8855,4;0;0
2021;1;120264;8570,57;8570,57;8570,57;8570,57;8570,57;8570,57;8570,57;8570,57;8570,57;0;0
2021;1;119991;6942;6942;6942;6942;6942;6942;6942;0;0;0;0
2021;1;118734;3605,3;3605,3;3605,3;3639,83;3589,24;3589,24;3589,24;0;0;0;0
2021;1;117881;4785,79;4785,79;4785,79;4785,79;4785,79;4785,79;4785,79;0;0;0;0
2021;1;120987;15461,21;14496,96;14541,41;14541,41;14541,41;14541,41;14541,41;0;0;0;0
2021;1;120770;3060;3060;3240;3420;3420;3540;3540;0;0;0;0
2021;1;119618;7800;7800;7800;7800;7800;7800;7800;7800;7800;0;0
2021;1;120888;3594;3594;3594;0;0;0;0;0;0;0;0
2021;1;120929;6408;6408;6408;6408;0;0;0;0;0;0;0
2021;1;120885;5754;5754;5754;5754;5754;5754;5754;5754;5754;0;0
2021;1;118618;7800;7800;7800;7800;7800;7800;7800;7800;7800;0;0
2021;1;122048;37372,8;37372,8;37372,8;37372,8;37372,8;37372,8;37372,8;37372,8;37372,8;0;0
2021;1;120912;47568;47568;47568;47568;47568;47568;47568;47568;47568;47568;47568
2021;1;119711;6268,8;6268,8;6268,8;6268,8;6268,8;6268,8;6268,8;6268,8;6268,8;0;0
2021;1;119351;9086,28;9676,89;10305,89;11689,19;12448,99;13258,18;14119,96;0;0;0;0
2021;1;119160;3324;3324;3324;3324;3324;3324;3324;0;0;0;0
2021;1;119708;6156,78;6156,78;6156,78;6156,78;6156,78;6156,78;6156,78;6156,78;6156,78;0;0
2021;1;119314;8922;8922;8922;8922;8922;8922;8922;8922;8922;0;0
2021;1;120640;8328,6;7041,51;6717,77;6988,33;7518,55;7072,84;7680,18;7073,9;7478,3;0;0
2021;1;119265;7490,64;7303,14;8032,02;8926,44;8131,2;8752,56;8454,6;8454,6;8454,6;0;0
2021;1;120946;5746,5;5125,09;4790,87;4790,87;5810,51;5922,28;5922,28;5922,28;5922,28;0;0
2021;1;118294;9928,14;10537,5;11589,12;11417,46;11530,2;17191,98;16064,4;17766;13952,4;0;0
2021;1;122243;4542;4542;4542;4542;4542;4542;4542;0;0;0;0
2021;1;120931;8394;8394;8394;8394;8394;8394;8394;8394;8394;0;0
2021;1;121531;7530;7530;7530;7530;7530;7530;7530;7530;7530;0;0
2021;1;120284;6176,84;6176,84;6176,84;0;0;0;0;0;0;0;0
2021;1;120994;8196;8196;8196;8196;8196;8196;8196;0;0;0;0
2021;1;122147;9346,8;9346,8;9346,8;9346,8;9346,8;9346,8;9346,8;0;0;0;0
2021;1;118499;2653,75;2653,75;3178,98;3925,35;4008,27;2239,11;1439,47;0;0;0;0
2021;1;120947;6770,57;6770,57;6770,57;6770,57;6770,57;6770,57;6770,57;6770,57;6770,57;0;0
2021;1;120538;7486,8;7486,8;7486,8;8235,48;8235,48;8984,16;7486,8;0;0;0;0
2021;1;120649;3389,4;3389,4;3389,4;0;0;0;0;0;0;0;0
2021;1;117929;6288,78;6288,78;6288,78;6288,78;0;0;0;0;0;0;0
2021;1;118001;6586,8;7904,16;7245,48;9221,52;7904,16;7904,16;6586,8;7245,48;5928,12;0;0
2021;1;120836;13860;13860;13860;13860;13860;13860;13860;13860;13860;0;0
2021;1;118262;8994;8994;8994;8994;8994;8994;8994;0;0;0;0
2021;1;121044;7194;7194;7194;7194;7194;7194;7194;0;0;0;0
2021;1;118619;6984;6984;6984;6984;6984;6984;6984;6984;6984;0;0
2021;1;120795;7512;7512;7512;7512;7512;7512;7512;7512;7512;0;0
2021;1;120507;9594;9594;10314;11640;11640;11640;11640;13194;13194;0;0
2021;1;121965;5292;5292;5821,2;6403,32;6403,32;7043,65;7043,65;0;0;0;0
2021;1;118368;3116,46;3116,46;3116,46;3116,46;3116,46;3116,46;3116,46;0;0;0;0
2021;1;118530;4113,43;4113,43;4113,43;4113,43;4113,43;0;0;0;0;0;0
2021;1;120098;5539,62;5539,62;5539,62;5539,62;5539,62;5539,62;5539,62;0;0;0;0
2021;1;121001;5760;5760;5760;5760;5760;5760;5760;0;0;0;0
2021;1;120434;5840,55;5840,55;5840,55;5840,55;5840,55;5840,55;5840,55;5840,55;5840,55;0;0
2021;1;122149;4303,14;4021,86;4629,48;0;0;0;0;0;0;0;0
2021;1;119446;5525,8;5525,8;5525,8;5525,8;5525,8;5525,8;5525,8;0;0;0;0
2021;1;121347;9526,56;9526,56;9526,56;9526,56;9526,56;9526,56;9526,56;0;0;0;0
2021;1;121254;4955,22;4955,22;4955,22;4955,22;0;0;0;0;0;0;0
2021;1;120366;5160;5160;5160;0;0;0;0;0;0;0;0
2021;1;121002;6228,43;5585,98;6228,43;6228,43;5585,98;6228,43;5585,98;0;0;0;0
2021;1;120304;6442,08;7914,56;7914,56;7914,56;7914,56;7914,56;7914,56;0;0;0;0
2021;1;121715;5896,8;5896,8;5896,8;5896,8;5896,8;5896,8;5896,8;0;0;0;0
2021;1;121351;6287,4;6287,4;6287,4;6287,4;6287,4;6287,4;6287,4;0;0;0;0
2021;1;119287;4799,14;4799,14;4799,14;4799,14;4799,14;4799,14;4799,14;0;0;0;0
2021;1;119704;9516;9516;9516;9516;9516;9516;9516;9516;9516;0;0
2021;1;120644;6900;6792,84;7058,34;8364,6;6481,2;7984,68;8560,2;0;0;0;0
2021;1;119133;5590,38;5590,38;5590,38;5590,38;5590,38;5590,38;5590,38;5590,38;5590,38;0;0
2021;1;119402;4392;4392;4392;4392;0;0;0;0;0;0;0
2021;1;122098;6444,42;6444,42;6444,42;6444,42;6256,74;6444,42;6256,74;6444,42;6256,74;0;0
2021;1;118069;13701,18;13701,18;13701,18;13701,18;13701,18;13701,18;13701,18;13701,18;13701,18;0;0
2021;1;122199;7658,98;6921,85;6592,24;7658,88;8705,56;8291,01;8995,74;0;0;0;0
2021;1;118111;8784;8784;8784;8784;8784;8784;8784;8784;8784;0;0
2021;1;120824;6180;6180;6180;8634;8634;8634;8634;8634;8634;0;0
2021;1;118300;4456,29;4456,29;4456,29;4456,29;4456,29;0;0;0;0;0;0
2021;1;121018;8448;7788;7712,64;0;0;0;0;0;0;0;0
2021;1;121558;8304;8304;8304;8304;8304;8304;8304;0;0;0;0
2021;1;122087;4813,68;4813,68;4813,68;4813,68;0;0;0;0;0;0;0
2021;1;119307;3774;3774;3774;3774;3774;3774;3774;0;0;0;0
2021;1;121614;9698,74;9698,74;9698,74;0;0;0;0;0;0;0;0
2021;1;118535;2964,42;2964,42;2964,42;2964,42;0;0;0;0;0;0;0
2021;1;120724;5640;5640;5640;5640;5640;5640;5640;0;0;0;0
2021;1;118723;2997,39;2997,39;2997,39;2997,39;2997,39;2997,39;2997,39;0;0;0;0
2021;1;120051;9588;7452;7812;8262;8262;8262;8262;8262;8262;0;0
2021;1;118552;11880;11880;11880;11880;11880;11880;11880;11880;11880;0;0
2021;1;118730;7773,48;7773,48;7773,48;7773,48;7773,48;7773,48;7773,48;7773,48;7773,48;0;0
2021;1;120276;3485,89;3983,88;4481,86;4481,86;4481,86;4979,84;4979,84;0;0;0;0
2021;1;122106;4713,43;4713,43;4713,43;4713,43;4713,43;4713,43;4713,43;0;0;0;0
2021;1;118684;4680;4680;4680;4680;4680;4680;4680;0;0;0;0
2021;1;119375;10812;10812;10812;10812;10812;10812;10812;10812;10812;0;0
2021;1;119304;6522;6522;6522;6522;6522;6522;6522;6522;6522;0;0
2021;1;118704;5088;5088;5088;5088;5088;5088;5088;0;0;0;0
2021;1;121861;6450;6450;6450;0;0;0;0;0;0;0;0
2021;1;118583;6470,58;6470,58;6470,58;6470,58;6470,58;6470,58;6470,58;0;0;0;0
2021;1;122255;8302,56;8302,56;8302,56;0;0;0;0;0;0;0;0
2021;1;119024;4311,52;4311,52;4311,52;4311,52;4311,52;4311,52;4311,52;0;0;0;0
2021;1;120310;6599,14;6599,14;6599,14;6599,14;6599,14;6599,14;6599,14;0;0;0;0
2021;1;121074;8632,8;8632,8;9150,78;9207,96;9295,62;10265,88;10363,68;10984,5;11089,08;0;0
2021;1;118003;4677,67;4677,67;4677,67;0;0;0;0;0;0;0;0
2021;1;120634;5100;5100;5100;5100;5100;5100;5100;0;0;0;0
2021;1;118450;4841,48;4841,48;4841,48;4841,48;4841,48;4841,48;4841,48;0;0;0;0
2021;1;120828;3468,09;2929,28;2821,96;0;0;0;0;0;0;0;0
2021;1;122240;7332,36;7332,36;7332,36;0;0;0;0;0;0;0;0
2021;1;118592;4446;5038,8;5335,2;0;0;0;0;0;0;0;0
2021;1;118577;5056,29;5056,29;5056,29;5056,29;5056,29;5056,29;5056,29;0;0;0;0
2021;1;120967;6207,11;6389,85;6389,85;6389,85;10787,82;10787,82;10787,82;0;0;0;0
2021;1;121020;4355,33;4355,33;4355,33;6073,1;0;0;0;0;0;0;0
2021;1;120963;4328,58;4328,58;4328,58;4328,58;4328,58;4328,58;4328,58;0;0;0;0
2021;1;117952;8160;8160;8160;8160;8160;8160;8160;8160;8160;0;0
2021;1;121919;9459,36;9365,64;10300,32;10437,48;9893,4;11056,2;9629,4;0;0;0;0
2021;1;120848;9310,74;9310,74;10475,58;9653,64;9653,64;9653,64;9653,64;9653,64;9653,64;0;0
2021;1;120560;7490,64;7396,86;8238,18;7932,48;7840,8;13352,46;10916,4;11958,36;9484,2;0;0
2021;1;120990;4713,43;4713,43;4713,43;4713,43;4713,43;4713,43;4713,43;4713,43;4713,43;0;0
2021;1;121350;5054,4;5054,4;5054,4;4707,14;4707,14;7448,9;7448,9;0;0;0;0
2021;1;119752;9061,92;10194,66;10194,66;10194,66;10194,66;10194,66;7929,18;0;0;0;0
2021;1;120935;12234;12234;12234;12234;12234;12234;12234;12234;12234;0;0
2021;1;119748;10021,86;9928,14;10918,98;10119,3;9781,2;11712,36;14242,8;16677,54;13523,4;0;0
2021;1;120309;6599,14;6599,14;6599,14;6599,14;6599,14;6599,14;6599,14;0;0;0;0
2021;1;119352;9336,66;9336,66;9336,66;9336,66;9336,66;9336,66;9336,66;9336,66;9336,66;0;0
2021;1;121319;15346,86;15346,86;15346,86;15346,86;15346,86;15346,86;15346,86;15346,86;15346,86;0;0
2021;1;120861;8994;8994;8994;8994;8994;8994;8994;8994;8994;0;0
2021;1;121037;3690;3690;3690;3690;3690;3690;3690;0;0;0;0
2021;1;118446;6824,16;6824,16;6824,16;6824,16;6824,16;6824,16;6824,16;6824,16;6824,16;0;0
2021;1;120923;6100,98;6100,98;6100,98;6100,98;6100,98;6100,98;6100,98;0;0;0;0
2021;1;118361;2310;2310;2310;2310;2310;2310;2310;0;0;0;0
2021;1;119985;6360;6360;6360;6360;6360;6360;6360;6360;6360;0;0
2021;1;118984;7457,47;7457,47;7457,47;7457,47;7457,47;7457,47;7457,47;7457,47;7457,47;0;0
2021;1;119700;8205,15;8637;8637;8637;8637;8637;8637;8637;8637;0;0
2021;1;118095;9534,98;9534,98;9534,98;9534,98;9534,98;9534,98;9534,98;0;0;0;0
2021;1;118259;9000;9000;9350,1;9713,82;9713,82;10091,69;10091,69;10484,25;10484,25;0;0
2021;1;119018;15842,94;15842,94;15842,94;15842,94;15842,94;15842,94;15842,94;15842,94;15842,94;0;0
2021;1;119527;28143;28143;28143;28143;28143;28143;28143;28143;28143;0;0
2021;1;118829;2994;2994;3293,4;3622,74;3622,74;3985,01;3985,01;0;0;0;0
2021;1;120880;6780;6780;6780;6780;6780;6780;6780;6780;6780;0;0
2021;1;120358;6211,98;6211,98;6211,98;6211,98;6211,98;6211,98;6211,98;0;0;0;0
2021;1;121398;5399,4;5399,4;5399,4;5399,4;5399,4;5399,4;5399,4;5399,4;5399,4;0;0
2021;1;118550;8327,45;8327,45;8327,45;8327,45;8327,45;8327,45;8327,45;8327,45;8327,45;0;0
2021;1;118058;6858,72;6858,72;6858,72;6858,72;6858,72;6858,72;6858,72;0;0;0;0
2021;1;118181;20790;20790;22869;25155,9;25155,9;27671,49;27671,49;30438,64;30438,64;0;0
2021;1;121099;8811,18;8811,18;8811,18;8811,18;8811,18;8811,18;8811,18;0;0;0;0
2021;1;119520;7560;7560;7560;7560;7560;7560;7560;7560;7560;0;0
2021;1;120297;13404;13404;13404;13404;13404;13404;13404;0;0;0;0
2021;1;119875;8076;8076;8076;7692;7692;7692;7692;7692;7692;0;0
2021;1;120041;11910,96;11910,96;11910,96;11910,96;11910,96;11910,96;11910,96;11910,96;11910,96;0;0
2021;1;120625;6793,37;5172,03;5172,03;5964,71;5418,64;0;0;0;0;0;0
2021;1;121340;11132,16;11132,16;11132,16;11132,16;11132,16;11132,16;11132,16;0;0;0;0
2021;1;119721;7050;7050;7050;7050;7050;7050;7050;0;0;0;0
2021;1;120594;10275;10382,16;10593,42;10519,56;9101,4;11384,22;10381,8;11123,34;8956,2;0;0
2021;1;119945;55200;55200;55200;50100;50100;50100;45480;45480;43680;43680;43680
2021;1;119414;3770,57;3770,57;3770,57;0;0;0;0;0;0;0;0
2021;1;122122;3397,68;3397,68;3397,68;3397,68;0;0;0;0;0;0;0
2021;1;121175;7410;7410;7410;7410;7410;7410;7410;7410;7410;0;0
2021;1;121750;8328,95;8328,95;8328,95;8328,95;8328,95;8328,95;8328,95;8328,95;8328,95;0;0
2021;1;118468;17090,86;17090,86;17090,86;17090,86;17090,86;17090,86;17090,86;17090,86;17090,86;0;0
2021;1;119695;5040;5040;5040;5040;5040;10326;10326;0;0;0;0
2021;1;121073;8700;8700;8700;8700;8700;8700;8700;8700;8700;0;0
2021;1;119040;4549,14;4549,14;4549,14;4549,14;4549,14;0;0;0;0;0;0
2021;1;120087;6516;6516;6516;6516;6516;6516;6516;0;0;0;0
2021;1;118537;7920;7920;7920;7920;7920;7920;7920;0;0;0;0
2021;1;120845;12908,34;12908,34;12908,34;12908,34;12908,34;12908,34;12908,34;12908,34;12908,34;0;0
2021;1;121087;11334,36;10678,14;11743,8;12206,88;12111;13464,3;13173,6;14500,62;12124,2;0;0
2021;1;121535;4884,86;4884,86;4884,86;4884,86;0;0;0;0;0;0;0
2021;1;120301;8056,29;8056,29;8056,29;8056,29;8056,29;8056,29;8056,29;8056,29;8056,29;0;0
2021;1;121642;8328,95;8328,95;8328,95;8328,95;8328,95;8328,95;8328,95;8328,95;8328,95;0;0
2021;1;119091;5166;5166;5166;5166;5166;5166;5166;0;0;0;0
2021;1;118524;15600;15600;15600;15600;15600;15600;15600;15600;15600;0;0
2021;1;119411;3999,13;3999,13;3999,13;3999,13;3999,13;3999,13;3999,13;0;0;0;0
2021;1;119066;4740;4740;4740;4740;4740;4740;0;0;0;0;0
2021;1;118668;7179,35;7179,35;7179,35;7179,35;7179,35;7475,71;7475,71;7475,71;7475,71;0;0
2021;1;121237;7890;7890;7890;7890;7890;7890;7890;7890;7890;0;0
2021;1;120539;6272,4;6272,4;6272,4;6272,4;6272,4;6272,4;6272,4;0;0;0;0
2021;1;118274;7500;7500;7500;7500;7500;7500;7500;7500;7500;0;0
2021;1;119447;7632,3;7632,3;7632,3;7632,3;7632,3;7632,3;7632,3;7632,3;7632,3;0;0
2021;1;121085;10771,86;11615,64;9269,28;12206,88;12111;11820,6;11820,6;14500,62;12124,2;0;0
2021;1;121149;7959,36;7865,64;8650,62;8926,44;9174;10251,12;10810,8;12808,26;10012,2;0;0
2021;1;119127;3372;3372;3372;3372;3372;3372;3372;0;0;0;0
2021;1;118575;4584;4584;4584;4584;4584;4584;4584;0;0;0;0
2021;1;120413;7135,29;7135,29;7135,29;7135,29;7135,29;7135,29;7135,29;0;0;0;0
2021;1;118463;7089,31;7089,31;7089,31;7089,31;7089,31;7089,31;7089,31;7089,31;7089,31;0;0
2021;1;118786;5992,5;5992,5;6591,5;7250,5;7250,5;7975,5;7975,5;8772,5;8772,5;0;0
2021;1;118100;4945,5;4945,5;5192,77;5452,41;5452,41;5725,03;5725,03;0;0;0;0
2021;1;121161;8591,7;8591,7;8591,7;8591,7;8591,7;8591,7;8591,7;8591,7;8591,7;0;0
2021;1;120892;6720;6720;6720;6720;6720;6720;6720;0;0;0;0
2021;1;118452;2890,8;2890,8;2948,62;3007,59;3007,59;3067,74;3067,74;0;0;0;0
2021;1;122242;5453,58;4489,26;5408,64;0;0;0;0;0;0;0;0
2021;1;122225;8104,25;7268,3;8104,25;0;0;0;0;0;0;0;0
2021;1;120308;5742;5742;5742;0;0;0;0;0;0;0;0
2021;1;120577;4740;4740;4740;4740;4740;4740;4740;0;0;0;0
2021;1;121145;12369,6;12369,6;12369,6;12369,6;12369,6;12369,6;12369,6;12369,6;12369,6;0;0
2021;1;119417;5790;5790;5790;6755;6755;7720;6755;0;0;0;0
2021;1;119025;5090,04;5090,04;5090,04;5090,04;5090,04;5090,04;5090,04;0;0;0;0
2021;1;120600;4702,55;4702,55;4702,55;4702,55;0;0;0;0;0;0;0
2021;1;120851;4360,8;3686,02;3547,13;3942,9;4229,02;0;0;0;0;0;0
2021;1;122238;10382,16;10275;10357,74;9100,26;9979,2;9979,2;9979,2;9979,2;9979,2;0;0
2021;1;119141;4464,78;4464,78;4464,78;4464,78;4464,78;4464,78;4464,78;0;0;0;0
2021;1;118724;3420;3420;3420;3420;3420;3420;3420;0;0;0;0
2021;1;121606;6091,2;6091,2;6091,2;0;0;0;0;0;0;0;0
2021;1;118590;6798;6798;6798;0;0;0;0;0;0;0;0
2021;1;118534;6084,86;6084,86;6084,86;6084,86;6084,86;6084,86;6084,86;0;0;0;0
2021;1;120306;1047,67;1047,67;1047,67;1047,67;1047,67;1047,67;1047,67;0;0;0;0
2021;1;119215;14610;14610;14610;14610;14610;14610;14610;14610;14610;0;0
2021;1;118740;5678,63;5678,63;5678,63;0;0;0;0;0;0;0;0
2021;1;120956;4140;4140;4140;4140;4140;4140;4140;0;0;0;0
2021;1;119551;12243;12243;12243;12243;12243;12243;12243;0;0;0;0
2021;1;120920;16051,38;14395,67;16051,38;16051,38;14395,67;16051,38;14395,67;0;0;0;0
2021;1;120916;14519,88;14519,88;15391,08;15487,26;15634,8;20601,06;20797,26;22043,1;22253,04;0;0
2021;1;121572;19992,96;19992,96;19992,96;19992,96;19992,96;19992,96;19992,96;19992,96;19992,96;0;0
2021;1;120786;3108;3108;3108;6522;0;0;0;0;0;0;0
2021;1;121726;11466,7;11466,7;11466,7;11466,7;11466,7;11466,7;11466,7;11466,7;11466,7;0;0
2021;1;120505;5676,17;4795,36;4519,63;5097,78;5097,78;5097,78;7101,19;0;0;0;0
2021;1;117937;4060,26;4060,26;3948;3948;3948;0;0;0;0;0;0
2021;1;118116;4903,13;4903,13;4903,13;0;0;0;0;0;0;0;0
2021;1;120322;1164,33;1164,33;1164,33;0;0;0;0;0;0;0;0
2021;1;121992;3120;3120;3120;0;0;0;0;0;0;0;0
2021;1;120245;5559,84;6177,6;5559,84;5353,92;5353,92;0;0;0;0;0;0
2021;1;120610;8239,26;8560,74;9415,08;8906,64;8520,6;9080,58;10599,6;11361,96;11361,96;0;0
2021;1;122012;10303,14;9928,14;11001,48;10815,24;9299,4;11712,36;12850,2;13158,66;10942,8;0;0
2021;1;120960;3954;3491,64;3849,18;3849,18;3849,18;3849,18;3849,18;0;0;0;0
2021;1;120395;7436;7436;7436;7436;7436;7436;7436;7436;7436;0;0
2021;1;121155;8450,52;8450,52;8450,52;8450,52;8450,52;8450,52;8450,52;8450,52;8450,52;0;0
2021;1;118902;15511,44;15511,44;15511,44;15511,44;15511,44;15511,44;15511,44;15511,44;15511,44;0;0
2021;1;121644;11389,18;11389,18;11389,18;11389,18;11389,18;11389,18;11389,18;0;0;0;0
2021;1;119004;2970;2970;2970;2970;2970;2970;2970;0;0;0;0
2021;1;118302;3150;3150;3150;3150;3150;3150;3150;0;0;0;0
2021;1;120300;9770,57;9770,57;9770,57;9770,57;9770,57;9770,57;9770,57;9770,57;9770,57;0;0
2021;1;121411;57600;57600;57600;57600;57600;57600;57600;57600;57600;57600;57600
2021;1;120303;8142;8142;8142;8142;8142;8142;8142;0;0;0;0
2021;1;121822;6170,57;6170,57;6170,57;6170,57;6170,57;6170,57;6170,57;0;0;0;0
2021;1;120780;8667,84;8560,74;8260,32;9648,9;7847,4;8745,12;10058,4;11600,52;9273;0;0
2021;1;120804;8882,16;9310,74;9415,08;10576,62;8718,6;10720,74;11992,2;12460,92;10513,8;0;0
2021;1;118178;12492;12492;12492;12492;12492;12492;12492;12492;12492;0;0
2021;1;118773;6062,78;6062,78;6062,78;6062,78;6062,78;6062,78;6062,78;6062,78;6062,78;0;0
2021;1;121210;4760;4760;4760;4760;4760;4760;4760;0;0;0;0
2021;1;119887;9784,13;9784,13;9784,13;9784,13;9784,13;9784,13;9784,13;9784,13;9784,13;0;0
2021;1;118465;3675,96;3675,96;3675,96;3675,96;3675,96;3675,96;3675,96;0;0;0;0
2021;1;121574;13200;14520;13200;13200;13200;14520;15840;14520;13200;0;0
2021;1;118757;2910,6;2910,6;2910,6;2910,6;2910,6;2910,6;2910,6;0;0;0;0
2021;1;121613;7320,6;7686,63;8053,32;9151,5;9151,5;9517,56;0;0;0;0;0
2021;1;118442;7884;7884;7884;7884;7884;7884;7884;7884;7884;0;0
2021;1;120070;9419,41;9419,41;9419,41;9419,41;9419,41;9419,41;9419,41;9419,41;9419,41;0;0
2021;1;121205;8506,67;8506,67;8506,67;8506,67;8506,67;8506,67;8506,67;8506,67;8506,67;0;0
2021;1;121757;9981,59;9981,59;9981,59;9981,59;9981,59;9981,59;9981,59;0;0;0;0
2021;1;122221;4662;4662;4662;4662;4662;4662;4662;0;0;0;0
2021;1;121103;5376;5376;5913,6;6504,96;6504,96;7155,45;7155,45;7871;7871;0;0
2021;1;120954;3316,42;2943,02;2869,44;2843,78;3270,07;0;0;0;0;0;0
2021;1;121081;7299,37;9171,11;9085,52;8398,36;8398,36;9256,69;9256,69;8398,36;7432,73;0;0
2021;1;118637;8784,28;8784,28;8784,28;9445,48;9445,48;9445,48;9445,48;9445,48;9445,48;0;0
2021;1;120579;5988;5988;6851,52;8130;8130;8130;8130;8130;8130;0;0
2021;1;119758;14448;14448;14448;14448;14448;14448;14448;14448;14448;0;0
2021;1;120556;7328,58;6792,84;7765,38;11371,86;8969,4;13248,06;10916,4;11958,36;10731,6;0;0
2021;1;119100;6760,98;6760,98;6760,98;6760,98;6760,98;6760,98;6760,98;6760,98;6760,98;0;0
2021;1;118184;9599,14;9599,14;9599,14;9599,14;9599,14;9599,14;9599,14;9599,14;9599,14;0;0
2021;1;121647;7676,59;7676,59;7676,59;7676,59;7676,59;7676,59;7676,59;7676,59;0;0;0
2021;1;121265;3688,62;3688,62;3688,62;3688,62;3688,62;3688,62;3688,62;0;0;0;0
2021;1;118326;4513,38;4513,38;4513,38;4513,38;4513,38;4513,38;4513,38;0;0;0;0
2021;1;122209;9950,53;9950,53;9950,53;9950,53;9950,53;9950,53;9950,53;9950,53;9950,53;0;0
2021;1;120239;6042;6042;6042;6042;6042;6042;6042;6042;6042;0;0
2021;1;118202;16422;15420;15883,26;15883,26;14906,16;15733,44;14630,46;15733,44;15733,44;0;0
2021;1;119657;9264;9264;9264;9264;9264;9264;9264;9264;9264;0;0
2021;1;119159;4992;4992;4992;4992;4992;4992;4992;4992;4992;0;0
2021;1;118191;8913,43;8913,43;8913,43;8913,43;8913,43;8913,43;8913,43;8913,43;8913,43;0;0
2021;1;120238;8227,71;8227,71;8227,71;8227,71;8227,71;8227,71;8227,71;8227,71;8227,71;0;0
2021;1;120953;6330;6645,5;6645,5;6645,5;6645,5;6645,5;6645,5;0;0;0;0
2021;1;120982;17249,9;18727,95;18727,95;18727,95;18727,95;18727,95;18727,95;0;0;0;0
2021;1;120547;5617,4;5617,4;5617,4;5617,4;5617,4;5617,4;5617,4;0;0;0;0
2021;1;119905;7188;7188;7188;7188;7188;7188;7188;0;0;0;0
2021;1;118697;15565,85;15565,85;15565,85;15716,3;15716,3;16165,36;16165,36;16241,46;16936,92;0;0
2021;1;121720;7207,7;7207,7;7207,7;7207,7;7207,7;7207,7;7207,7;7207,7;7207,7;0;0
2021;1;119483;5544;5544;5544;5544;5544;5544;5544;5544;5544;0;0
2021;1;119772;6198;6198;6198;6198;6198;0;0;0;0;0;0
2021;1;118588;15972;15972;15972;17569,2;17569,2;17569,2;17569,2;17569,2;17569,2;0;0
2021;1;120671;4437;4437;4437;4437;4437;4437;4437;0;0;0;0
2021;1;118356;15904,74;15904,74;15904,74;15904,74;15904,74;15904,74;15904,74;15904,74;15904,74;0;0
2021;1;121043;5832;5832;5832;5832;5832;5832;5832;0;0;0;0
2021;1;119533;15423;15423;15423;15423;15423;15423;15423;0;0;0;0
2021;1;122211;11940;11940;11940;11940;11940;11940;11940;11940;11940;0;0
2021;1;118475;4350;4350;4350;4350;4350;4350;4350;0;0;0;0
2021;1;121821;4662;4662;4662;4662;4662;4662;4662;0;0;0;0
2021;1;118654;8873,4;8873,4;8873,4;8873,4;9760,74;9760,74;9760,74;9760,74;9760,74;0;0
2021;1;120928;4602;4064,04;4480,2;5310,84;0;0;0;0;0;0;0
2021;1;119403;6600;6600;6600;6600;6600;6600;2640;0;0;0;0
2021;1;120392;10464,57;10464,57;10464,57;10464,57;10464,57;10464,57;10464,57;10464,57;10464,57;0;0
2021;1;120853;4194;4194;4194;4194;0;0;0;0;0;0;0
2021;1;120363;5850;5850;5850;5850;5850;5850;5850;5850;5850;0;0
2021;1;120642;10183,16;10183,16;10183,16;10183,16;10183,16;10183,16;10183,16;10183,16;10183,16;0;0
2021;1;120194;7284,86;7284,86;7284,86;7284,86;7284,86;7284,86;7284,86;0;0;0;0
2021;1;121195;4761,78;4761,78;4761,78;0;0;0;0;0;0;0;0
2021;1;120359;6936;6936;6936;6936;6936;12624;12624;12624;12624;0;0
2021;1;121039;6318;6318;6318;6318;6318;6318;6318;6318;6318;0;0
2021;1;118088;9513,43;9513,43;9513,43;9513,43;9513,43;9513,43;9513,43;9513,43;9513,43;0;0
2021;1;122050;9000;9000;9000;9000;9000;9000;9000;9000;9000;0;0
2021;1;121126;7115,64;6928,14;7619,58;10033,98;8329,2;8329,2;8329,2;8329,2;8329,2;0;0
2021;1;118857;4121,15;4121,15;4121,15;4121,15;4121,15;0;0;0;0;0;0
2021;1;121326;10742,4;10742,4;11386,92;11458,14;11567,22;12471,9;12590,7;0;0;0;0
2021;1;118407;16816,28;16816,28;16816,28;16816,28;16816,28;16816,28;16816,28;16816,28;16816,28;0;0
2021;1;120533;7279,2;5851,45;5468,75;5749,63;5894,09;5558,18;5653,88;5437,27;6729,21;0;0
2021;1;121014;7221,42;7114,26;9061,56;0;0;0;0;0;0;0;0
2021;1;118258;8670,78;8670,78;8670,78;8670,78;8670,78;8670,78;8670,78;8670,78;8670,78;0;0
2021;1;122222;3881,13;3881,13;3881,13;3881,13;3881,13;3881,13;3881,13;0;0;0;0
2021;1;120933;12514,65;12514,65;12514,65;12514,65;12514,65;12514,65;12514,65;12514,65;12514,65;0;0
2021;1;118680;2962,8;2962,8;2956,8;3253,8;3253,8;3577,2;3577,2;0;0;0;0
2021;1;119482;14908,32;16575;17404,32;21948,48;18420,6;23564,64;22611,6;25662;21370,8;0;0
2021;1;119966;9167,94;9167,94;9167,94;9167,94;9167,94;9167,94;9167,94;9167,94;9167,94;0;0
2021;1;121595;9650,08;10527,36;10527,36;10527,36;12720,56;11404,64;11843,28;0;0;0;0
2021;1;119747;8334,36;8240,64;9063,06;9920,58;6388,8;10280,88;10280,88;10280,88;10280,88;0;0
2021;1;120171;7113,43;7113,43;7113,43;7113,43;7113,43;7113,43;7113,43;0;0;0;0
2021;1;121318;10713,43;10713,43;10713,43;10713,43;10713,43;10713,43;10713,43;10713,43;10713,43;0;0
2021;1;121387;10212;10212;10212;10212;10212;10212;10212;11233,2;12254,4;0;0
2021;1;117951;11080;11080;11080;11080;11080;11080;11080;11080;11080;0;0
2021;1;120843;51056,1;51056,1;51056,1;51056,1;51056,1;51056,1;51056,1;51056,1;51056,1;51056;51056
2021;1;120616;9174;9174;9174;8772;8772;8772;8772;8772;8772;0;0
2021;1;119878;5616;5616;5616;5616;5616;5616;5616;5616;5616;0;0
2021;1;118438;3920,28;3920,28;3920,28;3920,28;3920,28;3920,28;3920,28;0;0;0;0
2021;1;121957;71992,5;71992,5;77737,5;88717,08;85934,88;41857,02;92321,58;95869,86;57955,32;65151;58835
2021;1;119405;9365,64;9365,64;10300,32;9761,46;9589,8;10392,72;14460,6;15954,36;12903;0;0
2021;1;119689;8313,43;8313,43;8313,43;8313,43;8313,43;8313,43;8313,43;8313,43;8313,43;0;0
2021;1;121989;6600;6600;6600;6600;6600;6600;6600;6600;6600;0;0
2021;1;118568;6427,71;6427,71;6427,71;6427,71;6427,71;6427,71;6427,71;0;0;0;0
2021;1;119389;3624;3624;3624;3624;3624;3624;3624;0;0;0;0
2021;1;118417;9900;9900;9900;9900;9900;9900;9900;9900;9900;0;0
2021;1;118532;4669,82;4669,82;4669,82;4669,82;4669,82;0;0;0;0;0;0
2021;1;122145;3293,4;3293,4;3293,4;3393,4;3393,4;4093,4;4093,4;0;0;0;0
2021;1;118487;7380;7380;7564,45;9009,7;9009,7;10147,4;9424,85;10985,4;10985,4;0;0
2021;1;120970;26646;26646;26646;26646;26646;26646;26646;0;0;0;0
2021;1;121268;9984,12;9984,12;9984,12;9984,12;9984,12;9984,12;9984,12;9984,12;9984,12;0;0
2021;1;121088;6300;6300;6300;6300;6300;6300;6300;6300;6300;0;0
2021;1;120769;5400;5400;5400;5400;5400;5400;5400;0;0;0;0
2021;1;120311;6599,14;6599,14;6599,14;6599,14;6599,14;6599,14;6599,14;0;0;0;0
2021;1;121534;11490;11490;11490;11490;11490;11490;11490;11490;11490;0;0
2021;1;118075;8442,63;8442,63;8442,63;8442,63;8442,63;8442,63;8442,63;0;0;0;0
2021;1;121470;6612,6;6612,6;6612,6;6612,6;6612,6;6612,6;6612,6;0;0;0;0
2021;1;121709;14817,55;14817,55;14817,55;14817,55;14817,55;14817,55;14817,55;14817,55;14817,55;0;0
2021;1;119409;8981,68;8981,68;8981,68;8981,68;8981,68;8981,68;8981,68;8981,68;8981,68;0;0
2021;1;122195;8346;8346;8346;8346;8346;8346;8346;8346;8346;0;0
2021;1;121753;10488,61;10488,61;8740,51;10488,61;10488,61;11362,67;9614,56;6118,36;4370,26;0;0
2021;1;118591;12420;12420;12420;0;0;0;0;0;0;0;0
2021;1;120383;5010;6936;6936;6936;6936;6936;6936;6936;6936;0;0
2021;1;118627;6000;6000;6000;6000;6000;6000;6000;6000;6000;0;0
2021;1;118963;5622;5622;5622;5622;5622;5622;5622;5622;5622;0;0
2021;1;121062;6810;6810;6810;6810;6810;6810;6810;6810;6810;0;0
2021;1;119950;6405,44;5448,43;5448,43;6053,81;6357,63;6054,88;6357,63;0;0;0;0
2021;1;118440;5913,43;5913,43;5913,43;5913,43;5913,43;5913,43;5913,43;0;0;0;0
2021;1;118093;9534,92;9534,92;9534,92;9534,92;9534,92;9534,92;9534,92;0;0;0;0
2021;1;121244;2640;2640;3000;3600;3600;3720;3720;0;0;0;0
2021;1;121174;5431,56;5431,56;5431,56;5431,56;5431,56;5431,56;5431,56;5431,56;5431,56;0;0
2021;1;119742;9600;9600;9600;9600;9600;9600;9600;0;0;0;0
2021;1;120054;8988;8988;8988;8988;8988;8988;8988;8988;8988;0;0
2021;1;120216;4704;4704;4704;4704;4704;4704;4704;0;0;0;0
2021;1;118210;3485,48;3485,48;3485,48;3485,48;3485,48;3485,48;3485,48;0;0;0;0
2021;1;121884;6648;6648;6648;6648;6648;6648;6648;6648;6648;0;0
2021;1;122113;12825;12741,66;13096,8;17713,8;10190,4;11239,8;11239,8;11239,8;11239,8;0;0
2021;1;119561;25503,6;25503,6;25503,6;25503,6;25503,6;25503,6;25503,6;25503,6;25503,6;0;0
2021;1;120884;6216;6216;6216;6216;6216;6216;6216;0;0;0;0
2021;1;119868;8566,31;8566,31;8566,31;8566,31;8566,31;8566,31;8566,31;8566,31;8566,31;0;0
2021;1;120593;8346,42;8239,26;9061,56;8429,52;8811;9848,52;9094,8;9684,48;7266,6;0;0
2021;1;121912;11583;11583;11583;11583;11583;11583;11583;11583;11583;0;0
2021;1;118522;2070;2070;2070;0;0;0;0;0;0;0;0
2021;1;121580;6963,24;5884,21;5884,21;5884,21;5884,21;0;0;0;0;0;0
2021;1;120917;16208,51;14536,6;16208,51;16208,51;14536,6;16208,51;16208,51;0;0;0;0
2021;1;120461;3059,77;3059,77;3059,77;3059,77;3059,77;3325,01;3325,01;0;0;0;0
2021;1;119187;6060;6060;6060;6060;6060;0;0;0;0;0;0
2021;1;119282;3120;3120;3120;3120;3120;3120;3120;0;0;0;0
2021;1;122038;6990;6990;6990;6990;6990;6990;6990;6990;6990;0;0
2021;1;120737;6030;9971,28;9971,28;9971,28;9971,28;9971,28;9971,28;9971,28;9971,28;0;0
2021;1;121673;13960,43;15123,79;13960,43;13960,43;13960,43;13960,43;15123,79;13960,43;15123,79;0;0
2021;1;117976;4234,4;4234,4;4234,4;4234,4;4234,4;4234,4;4234,4;0;0;0;0
2021;1;119947;14864,76;14864,76;14864,76;14864,76;14864,76;14864,76;14864,76;14864,76;14864,76;0;0
2021;1;118369;2497,2;2497,2;2497,2;2497,2;2497,2;2497,2;2497,2;0;0;0;0
2021;1;121749;10199,14;10199,14;10199,14;10199,14;10199,14;10199,14;10199,14;10199,14;10199,14;0;0
2021;1;120831;7971,42;7853,58;9532,92;8218,26;5900,4;5900,4;5900,4;0;0;0;0
2021;1;118559;3737,76;3737,76;3737,76;3737,76;3737,76;3737,76;3737,76;0;0;0;0
2021;1;121051;53577,18;53577,18;53577,18;53577,18;53577,18;53577,18;53577,18;53577,18;53577,18;53577;53577
2021;1;120119;10788;10788;10788;10788;10788;10788;10788;10788;10788;0;0
2021;1;121301;3270;3270;3270;6357;0;0;0;0;0;0;0
2021;1;120969;8104,25;7268,3;8104,25;0;0;0;0;0;0;0;0
2021;1;119927;7448,46;7448,46;7448,46;7448,46;7048,8;7048,8;7048,8;7048,8;7048,8;0;0
2021;1;120832;4734,54;5279,04;5279,04;4734,54;5279,04;4734,54;5279,04;0;0;0;0
2021;1;120789;7140;7140;7140;7140;7140;7140;7140;7140;7140;0;0
2021;1;119158;7944;7944;7944;7944;7944;7944;7944;7944;7944;0;0
2021;1;122213;4318,46;3648,3;3599,41;3717,6;6111,06;0;0;0;0;0;0
2021;1;118938;16706,17;16706,17;16706,17;16706,17;16706,17;16706,17;16706,17;16706,17;16706,17;0;0
2021;1;119795;5829,54;5829,54;5829,54;5829,54;5829,54;5829,54;5829,54;0;0;0;0
2021;1;121774;4328,47;4328,47;4328,47;4328,47;4702,57;4702,57;11184,21;0;0;0;0
2021;1;118193;4412,82;4412,82;4633,46;4865,13;4865,13;5108,38;5108,38;0;0;0;0
2021;1;118251;10694,88;10694,88;10694,88;10694,88;10694,88;10694,88;10694,88;10694,88;10694,88;0;0
2021;1;119919;6720;6720;6720;0;0;0;0;0;0;0;0
2021;1;120611;2910,6;2910,6;2910,6;2910,6;2910,6;0;0;0;0;0;0
2021;1;118580;5298;5298;5298;5298;5298;5298;5298;0;0;0;0
2021;1;121604;7366,43;6224,92;6224,92;6224,92;6224,92;6224,92;6224,92;0;0;0;0
2021;1;119640;4561,67;4561,67;5865;7168,33;7168,33;8471,67;8471,67;0;0;0;0
2021;1;120138;8999,14;8999,14;8999,14;8999,14;8999,14;8999,14;8999,14;8999,14;8999,14;0;0
2021;1;120481;11284,2;11284,2;11284,2;11284,2;11284,2;11284,2;11284,2;11284,2;11284,2;0;0
2021;1;122218;5346;5346;5346;5346;5346;0;0;0;0;0;0
2021;1;118605;1915,02;2087,37;2275,23;2480;2480;2703,2;2703,2;0;0;0;0
2021;1;122014;8760;8760;8760;8760;8760;8760;8760;8760;8760;0;0
2021;1;122116;6962,4;6962,4;6962,4;6962,4;10611,12;10611,12;10611,12;10611,12;12379,64;0;0
2021;1;120758;8040;8040;8040;8040;8040;8040;8040;8040;8040;0;0
2021;1;120391;7656;7656;7656;7656;7656;17316;17316;17316;17316;0;0
2021;1;122031;4995;4995;4995;4995;4995;5370;5370;5745;6120;0;0
2021;1;119467;7335,95;7335,95;7335,95;7335,95;7335,95;7335,95;7335,95;7335,95;7335,95;0;0
2021;1;120417;9929,79;9929,79;9929,79;9929,79;9929,79;9929,79;9929,79;9929,79;9929,79;0;0
2021;1;119161;2460;2460;2460;2460;2460;2460;2460;0;0;0;0
2021;1;120033;7188;7188;7188;7188;7188;7188;7188;7188;7188;0;0
2021;1;122009;8521,86;8428,14;9269,28;9423,54;8811;9736,68;12315,6;13650,66;11101,2;0;0
2021;1;120233;48310,08;48310,08;48310,08;48310,08;48310,08;48310,08;48310,08;48310,08;48310,08;48310;48310
2021;1;120234;21000;21000;21000;21000;21000;21000;21000;21000;21000;0;0
2021;1;122260;8013,5;8013,5;8890,09;9616,2;0;0;0;0;0;0;0
2021;1;120944;5922;5227,92;4900,86;5726,34;6281,16;7309,68;7657,38;8328,72;7965,6;0;0
2021;1;117980;7320;7320;7320;7320;7320;7320;7320;0;0;0;0
2021;1;120325;3648,98;3648,98;3648,98;3648,98;0;0;0;0;0;0;0
2021;1;119090;3332,76;3332,76;3332,76;3332,76;3332,76;3332,76;3332,76;0;0;0;0
2021;1;121212;7114,5;7114,5;7114,5;8370;8370;8370;8370;0;0;0;0
2021;1;118434;6966;6966;6966;6966;6966;6966;6966;0;0;0;0
2021;1;119753;6492,66;6492,66;6492,66;6492,66;6492,66;6492,66;6492,66;0;0;0;0
2021;1;117904;9433,05;9433,05;9433,05;9433,05;9433,05;9433,05;9433,05;9433,05;9433,05;0;0
2021;1;118793;6716,68;6716,68;6716,68;6716,68;6716,68;6716,68;6716,68;0;0;0;0
2021;1;120273;15000;15000;15000;15000;15000;15000;15000;0;0;0;0
2021;1;119103;4921,5;4921,5;4921,5;4921,5;4921,5;4921,5;4921,5;4921,5;4921,5;0;0
2021;1;121343;8625,5;10783,86;10836,49;9858,38;11313,11;11022,16;8927,36;0;0;0;0
2021;1;120536;4300,2;3635,7;3436,91;3902,1;4262,06;4341,07;4238,46;0;0;0;0
2021;1;118995;9056,88;9056,88;9056,88;9056,88;9056,88;9056,88;9056,88;9056,88;9056,88;0;0
2021;1;119821;3826,02;3826,02;3696,66;3696,66;3826,02;3696,66;3826,02;0;0;0;0
2021;1;120130;4600,92;4717,8;4717,8;4717,8;4828,2;4790,46;4828,2;0;0;0;0
2021;1;117973;6727,36;6727,36;6727,36;6727,36;6727,36;6727,36;6727,36;6727,36;6727,36;0;0
2021;1;119936;6390;6390;6390;6390;6390;6390;6390;6390;6390;0;0
2021;1;119741;9396;9396;9396;9396;9396;9396;9396;0;0;0;0
2021;1;118901;3000;3000;3000;3000;3000;3000;3000;3000;3000;0;0
2021;1;117861;5458,76;5458,76;5458,76;5458,76;0;0;0;0;0;0;0
2021;1;120174;7680;7680;7680;7680;7680;7680;7680;7680;7680;0;0
2021;1;120868;4794;4794;4794;4794;4794;4794;4794;0;0;0;0
2021;1;118574;10674;10674;10674;11860;11860;11860;11860;13046;11860;0;0
2021;1;120580;4832,1;4832,1;4832,1;4832,1;4832,1;4832,1;4832,1;0;0;0;0
2021;1;119557;5188,02;5188,02;5188,02;5188,02;5188,02;5188,02;5188,02;0;0;0;0
2021;1;120312;9352,8;9352,8;9352,8;9352,8;9352,8;9352,8;9352,8;0;0;0;0
2021;1;118571;8358;8358;8358;8358;8358;8358;8358;8358;8358;0;0
2021;1;121427;9414;9414;9414;9414;9414;9414;9414;9414;9414;0;0
2021;1;121458;8856;8856;8856;8856;8856;8856;8856;8856;8856;0;0
2021;1;121494;3840;3840;3840;0;0;0;0;0;0;0;0
2021;1;120637;6174;6174;6174;6174;6174;6174;0;0;0;0;0
2021;1;118854;6638,14;6638,14;6638,14;0;0;0;0;0;0;0;0
2021;1;121784;10841,04;10841,04;10841,04;14924,18;14924,18;14924,18;14924,18;14924,18;14924,18;0;0
2021;1;120692;4038;4038;4038;4038;4038;9852;9852;0;0;0;0
2021;1;121303;6294;6294;6294;6294;0;0;0;0;0;0;0
2021;1;119892;5061,78;5061,78;5061,78;5061,78;5061,78;5061,78;5061,78;0;0;0;0
2021;1;121381;6570;6990,9;6331,86;7155,66;8226;7826,04;8307,78;0;0;0;0
2021;1;119361;4656;4656;4656;4656;0;0;0;0;0;0;0
2021;1;122053;3252;3252;3252;3252;3252;3252;3252;0;0;0;0
2021;1;120113;10788;10788;10788;10788;10788;10788;10788;10788;10788;0;0
2021;1;121658;10707,84;10707,84;11377,08;13384,8;12715,56;13384,8;14388,66;14388,66;14388,66;0;0
2021;1;120378;57000;57000;57000;57000;57000;57000;57000;57000;57000;57000;57000
2021;1;121512;4242;4242;4242;4242;0;0;0;0;0;0;0
2021;1;119209;7296;7296;7296;7296;7296;7296;7296;7296;7296;0;0
2021;1;120698;6900;6900;6900;6900;6900;6900;6900;6900;6900;0;0
2021;1;118355;7150,02;7324,98;7322,82;11334,36;11334,36;11334,36;11334,36;0;0;0;0
2021;1;120991;9906;9906;9906;9906;9906;9906;9906;9906;9906;0;0
2021;1;120389;7135,29;7135,29;7135,29;7135,29;7135,29;7135,29;7135,29;0;0;0;0
2021;1;121358;10200;9900;10200;10200;9900;10200;9900;0;0;0;0
2021;1;118236;5564,16;3367,92;3367,92;3764,15;4160,37;3962,26;4160,37;0;0;0;0
2021;1;120962;10086;10086;10086;10086;10086;10086;10086;0;0;0;0
2021;1;121113;9194,88;9194,88;9194,88;9194,88;9194,88;9194,88;9194,88;0;0;0;0
2021;1;119289;7080;7080;7080;7080;7080;7080;7080;0;0;0;0
2021;1;119357;4566;4566;4794,3;5034,02;5034,02;5285,72;5285,72;0;0;0;0
2021;1;119841;10476;10476;10476;10476;10476;10476;10476;10476;10476;0;0
2021;1;118174;6084,36;6553,14;7279,32;8879,28;5719,92;8879,28;5719,92;0;0;0;0
2021;1;122058;3849,9;3849,9;3849,9;3849,9;0;0;0;0;0;0;0
2021;1;121911;9138,9;9138,9;9138,9;9138,9;9138,9;9138,9;9138,9;0;0;0;0
2021;1;122235;10656;10656;10656;10656;10656;10656;10656;10656;10656;0;0
2021;1;120447;7608,96;7608,96;7608,96;7608,96;7608,96;7608,96;7608,96;7608,96;7608,96;0;0
2021;1;119955;4452;4452;4452;0;0;0;0;0;0;0;0
2021;1;119696;7489,26;7489,26;8236,68;7336,02;0;0;0;0;0;0;0
2021;1;119139;18786;18786;18786;18786;18786;18786;18786;18786;18786;0;0
2021;1;118862;7200;7200;7200;7200;7200;7200;7200;7200;7200;0;0
2021;1;120420;8734,97;6858,48;6517,32;7321,52;7786,46;8149,7;8977,48;9243,43;9955,93;0;0
2021;1;120627;5721,42;5721,42;5721,42;5721,42;5721,42;5721,42;0;0;0;0;0
2021;1;117993;5644,8;5644,8;5644,8;5644,8;5644,8;5644,8;5644,8;0;0;0;0
2021;1;119849;7991,57;7991,57;7991,57;7991,57;7991,57;7991,57;7991,57;7991,57;7991,57;0;0
2021;1;121828;7631,32;6857,85;6857,85;7715,08;9002,53;8573,83;9002,53;8573,83;9002,56;0;0
2021;1;119208;5520;5520;5520;5520;5520;5520;5520;5520;5520;0;0
2021;1;120748;6761,31;5716,12;4984;5752,03;6089,4;5901,81;5765,61;5856,89;7640,78;0;0
2021;1;117935;10157,7;10157,7;10157,7;10157,7;10157,7;10157,7;10157,7;10157,7;0;0;0
2021;1;119781;9372,6;9372,6;9372,6;9372,6;9372,6;9372,6;9372,6;9372,6;9372,6;0;0
2021;1;121707;8011,08;8011,08;9613,3;8011,08;8011,08;9613,3;6408,86;8011,08;10414,4;0;0
2021;1;120615;7303,14;7209,36;9269,28;8827,08;9101,4;10944,42;12315,6;13538,88;11055;0;0
2021;1;119780;10303,14;12178,14;15043,2;13916,58;9398,4;16424,1;12526,8;0;0;0;0
2021;1;120614;6639,59;6846,7;6846,7;6846,7;9124,87;9124,87;9124,87;9124,87;12919,8;0;0
2021;1;120180;8630,58;9191,57;9789,02;11102,95;11824,64;12593,24;13411,81;14283,57;15212,01;0;0
2021;1;120729;5923,62;5923,62;5923,62;5923,62;5923,62;5923,62;5923,62;0;0;0;0
2021;1;121211;2760;2760;2760;2760;0;0;0;0;0;0;0
2021;1;121564;4170;4170;4170;4170;4170;4170;4170;0;0;0;0
2021;1;121597;6673,37;6673,37;6673,37;6673,37;6673,37;6673,37;6673,37;0;0;0;0
2021;1;118553;3162;3162;3162;3162;3162;3162;3162;0;0;0;0
2021;1;121485;5288;5288;5288;5288;5288;5288;0;0;0;0;0
2021;1;120042;4902,36;4902,36;4902,36;4902,36;4902,36;4902,36;4902,36;0;0;0;0
2021;1;120858;8064;8064;8064;8064;8064;8064;8064;8064;8064;0;0
2021;1;120898;11088;11088;11088;0;0;0;0;0;0;0;0
2021;1;121222;4692;4692;4692;4692;4692;0;0;0;0;0;0
2021;1;119286;3330;3330;3330;3330;0;0;0;0;0;0;0
2021;1;119895;6660;6660;6666;6660;6660;6660;6660;0;0;0;0
2021;1;121877;4038;4038;4038;4038;4038;0;0;0;0;0;0
2021;1;119913;9000;9000;9000;9000;9000;9000;9000;9000;9000;0;0
2021;1;120862;7194;7194;7194;7194;7194;7194;7194;7194;7194;0;0
2021;1;121348;7134;7134;7134;7134;7134;7134;7134;0;0;0;0
2021;1;119512;8428,14;8428,14;9269,28;11928,54;10810,8;12442,98;11563,2;11931,12;12342;0;0
2021;1;121817;10275;10167,84;11182,62;9920,58;10197;12785,88;13061,4;14358,9;12018,6;0;0
2021;1;121778;7159,87;7159,87;7159,87;12441,03;12441,03;12441,03;12441,03;12441,03;12441,03;0;0
2021;1;120367;4234,74;4234,74;4234,74;4234,74;4234,74;4234,74;4234,74;0;0;0;0
2021;1;120009;5706;5706;5706;5706;5706;5706;5706;0;0;0;0
2021;1;121920;10865,64;10771,86;11846,88;11928,54;12955,8;14403,66;12203,4;14374,8;12018,6;0;0
2021;1;119108;5969,22;5969,22;5969,22;5969,22;5969,22;5969,22;5969,22;0;0;0;0
2021;1;121756;11119,2;11119,2;11119,2;11119,2;0;0;0;0;0;0;0
2021;1;119850;9006;9006;9006;9006;9006;9006;9006;9006;9006;0;0
2021;1;121950;6635,64;6635,64;6635,64;6635,64;6635,64;6635,64;6635,64;0;0;0;0
2021;1;118445;8637,42;8637,42;8637,42;8637,42;8637,42;8637,42;8637,42;8637,42;8637,42;0;0
2021;1;118860;5342,69;5342,69;5342,69;5342,69;5342,69;5342,69;5342,69;5342,69;5342,69;0;0
2021;1;118976;7134,23;7134,23;7134,23;6960,23;6960,23;6960,23;6960,23;0;0;0;0
2021;1;122084;4680;4680;4680;4680;4680;4680;4680;0;0;0;0
2021;1;121167;7237,56;7237,56;7237,56;0;0;0;0;0;0;0;0
2021;1;121042;5832;5832;5832;5832;5832;5832;5832;0;0;0;0
2021;1;117897;8280;8280;8280;8280;8280;8280;8280;0;0;0;0
2021;1;120813;2970;2970;3534;3672;3672;3672;3672;0;0;0;0
2021;1;120319;17698,2;17698,2;17698,2;0;0;0;0;0;0;0;0
2021;1;119058;5613,9;5613,9;5613,9;5613,9;5613,9;5613,9;5613,9;5613,9;5613,9;0;0
2021;1;119777;17688;17688;17688;17688;17688;17688;17688;0;0;0;0
2021;1;118386;3382,38;3382,38;3619,14;3872,46;3872,46;4143,48;4143,48;0;0;0;0
2021;1;121481;10389,6;10389,6;10389,6;10389,6;10389,6;10389,6;10389,6;10389,6;10389,6;0;0
2021;1;120190;8580;8580;8580;8580;8580;8580;8580;8580;8580;0;0
2021;1;117917;3815,58;3815,58;3815,58;3815,58;3815,58;3815,58;3815,58;0;0;0;0
2021;1;118515;11788,84;10441,56;11283,59;11957,22;13051,86;11788,8;16335,88;8420,56;0;0;0
2021;1;121438;7170;7170;7170;7170;7170;7170;7887;10755;7887;0;0
2021;1;119407;3667,95;3667,95;3667,95;3667,95;3667,95;3667,95;3667,95;0;0;0;0
2021;1;119763;8400;8400;8400;8400;8400;8400;8400;8400;8400;0;0
2021;1;120154;6001,08;6001,08;6001,08;6001,08;6001,08;6001,08;6001,08;0;0;0;0
2021;1;120270;6379,5;6379,5;6379,5;6379,5;6379,5;6379,5;6379,5;0;0;0;0
2021;1;119565;10194;10194;10704;9714;9714;10200;9360;9360;8160;0;0
2021;1;119595;8256,78;8256,78;8256,78;8256,78;8256,78;8256,78;8256,78;8256,78;8256,78;0;0
2021;1;121238;7550;9060;9060;8305;10570;9815;9060;8305;8305;0;0
2021;1;118172;9438;9438;9438;9438;9438;9438;9438;9438;9438;0;0
2021;1;118132;4380;4380;4380;4620;4620;4620;4800;0;0;0;0
2021;1;120354;3141,43;2654,31;2548;0;0;0;0;0;0;0;0
2021;1;121440;7678,14;7584,36;9269,28;9920,58;9009;9009;9009;9009;9009;0;0
2021;1;121782;4328,47;4328,47;4328,47;4328,47;5426,04;5426,04;8791,28;0;0;0;0
2021;1;119820;7378,8;7320;8633,21;7315,56;6745,8;7658,76;6753,78;0;0;0;0
2021;1;119982;5301,24;5301,24;5301,24;5301,24;5301,24;5301,24;5301,24;5301,24;5301,24;0;0
2021;1;120287;11056,29;11056,29;11056,29;11056,29;11056,29;11056,29;11056,29;0;0;0;0
2021;1;120200;5316;5316;5316;5316;5316;5316;5316;0;0;0;0
2021;1;120667;55290;55290;55290;55290;55290;55290;55290;55290;55290;55290;55290
2021;1;118736;3420;3420;3420;0;0;0;0;0;0;0;0
2021;1;119435;2322;2322;2322;0;0;0;0;0;0;0;0
2021;1;118311;4680;4680;4680;4680;0;0;0;0;0;0;0
2021;1;121414;8862;8862;8862;8862;8862;8862;8862;8862;0;0;0
2021;1;118224;5976;5976;5976;5976;5976;5976;5976;5976;5976;0;0
2021;1;120548;4883,4;4127,52;4029,81;4669,69;7817,28;5541,67;5569,77;0;0;0;0
2021;1;120202;3726;3726;3726;3726;3726;3726;3726;0;0;0;0
2021;1;119472;5006,46;5006,46;5006,46;5006,46;5006,46;5006,46;5006,46;5006,46;0;0;0
2021;1;121157;5715,9;5715,9;5715,9;5715,9;5715,9;5715,9;5715,9;0;0;0;0
2021;1;117999;6000;6000;6000;6000;6000;6000;6000;0;0;0;0
2021;1;119373;6810;6810;6810;6810;6810;0;0;0;0;0;0
2021;1;121971;8775;8775;8775;8775;8775;8775;8775;8775;8775;0;0
2021;1;118977;4050,24;4050,24;4050,24;4050,24;4050,24;0;0;0;0;0;0
2021;1;122112;12091,55;13128,68;12503,51;15941,97;19696,52;18758,6;19696,52;18758,6;19696,5;0;0
2021;1;122063;7489,26;7382,16;9415,08;8926,44;8870,4;12211,8;11239,8;13874,4;10837,2;0;0
2021;1;119897;6338,3;6338,3;6338,3;6338,3;6338,3;6338,3;6338,3;0;0;0;0
2021;1;121747;6304,57;6493,4;6493,4;6493,4;12487,31;12487,31;12487,31;0;0;0;0
2021;1;118805;4790,22;4680,21;4680,21;5100,23;6821,26;6496,44;6821,26;0;0;0;0
2021;1;120613;7194;7194;7194;7194;7194;7194;7194;7194;7194;0;0
2021;1;120575;8736;8736;8736;8736;8736;8736;8736;8736;8736;0;0
2021;1;121768;6499,56;6499,56;6499,56;6499,56;12842,8;12842,8;12842,8;12842,8;12842,8;0;0
2021;1;120470;8414,4;8414,4;8414,4;8983,2;8983,2;8983,2;8983,2;0;0;0;0
2021;1;120465;10428;10428;10428;10428;10428;10428;10428;10428;10428;0;0
2021;1;120261;1514,33;1514,33;1514,33;1514,33;1514,33;1514,33;1514,33;1514,33;1514,33;0;0
2021;1;121476;6965,74;6965,74;6965,74;6965,74;6965,74;6965,74;6965,74;6965,74;6965,74;0;0
2021;1;121139;18086,16;18086,16;18086,16;18086,16;18086,16;18086,16;18086,16;18086,16;18086,16;0;0
2021;1;119967;5916;5916;5916;5916;5916;5916;5916;0;0;0;0
2021;1;118051;2926,08;2926,08;2926,08;3169,92;3169,92;2682,24;1950,72;0;0;0;0
2021;1;121666;14414,4;14414,4;14414,4;14414,4;14414,4;14414,4;14414,4;14414,4;14414,4;0;0
2021;1;120531;4932;4932;4794;4795,68;4799,52;0;0;0;0;0;0
2021;1;120005;8988;8988;8988;8988;8988;8988;8988;8988;8988;0;0
2021;1;121004;4783,38;4783,38;4783,38;4783,38;4783,38;0;0;0;0;0;0
2021;1;118234;9080,64;9080,64;9080,64;7567,2;7567,2;7567,2;7567,2;7567,2;9080,64;0;0
2021;1;121243;3327,9;3327,9;3327,9;3605,23;4021,21;4021,21;3882,55;0;0;0;0
2021;1;118778;4680;4680;4680;4680;4680;4680;4680;4680;4680;0;0
2021;1;118029;7957,75;7957,75;7957,75;7957,75;7957,75;7957,75;7957,75;7957,75;7957,75;0;0
2021;1;118173;3996;3996;4435,56;4923,47;4923,47;5465,05;5465,05;0;0;0;0
2021;1;119944;57600;57600;57600;57600;57600;57600;57600;57600;57600;57600;57600
2021;1;121183;5340;5340;5340;5340;5340;5340;5340;5340;5340;0;0
2021;1;120147;9427,71;9427,71;9427,71;9427,71;9427,71;9427,71;9427,71;9427,71;9427,71;0;0
2021;1;118973;6513,43;6513,43;6513,43;6513,43;6513,43;6513,43;6513,43;6513,43;6513,43;0;0
2021;1;119492;6288,72;6288,72;6288,72;6288,72;6288,72;6288,72;6288,72;6288,72;6288,72;0;0
2021;1;119081;5670,9;5670,9;5670,9;5670,9;5670,9;5670,9;5670,9;5670,9;5670,9;0;0
2021;1;120727;8376;8376;8376;8376;8376;8376;8376;8376;8376;0;0
2021;1;117982;3813,24;3813,24;4003,9;4204,09;4204,09;4414,29;4414,29;0;0;0;0
2021;1;119523;7153,5;7153,5;7017,24;7017,24;7017,24;6135,24;6135,24;0;0;0;0
2021;1;119207;6240;6240;6240;6240;6240;6240;6240;6240;6240;0;0
2021;1;121213;8946;8946;8946;8946;8946;8946;8946;0;0;0;0
2021;1;121218;10725,36;11849,02;11688;11462,97;11914,88;11308,92;11535,81;11119,39;9716,07;0;0
2021;1;120811;5820;5820;5820;5820;5820;5820;5820;0;0;0;0
2021;1;121593;5265,45;5850,5;4680,4;5850,5;5850,5;5850,5;5850,5;7605,66;4095,35;0;0
2021;1;120126;58584;58584;58584;58584;58584;58584;58584;58584;58584;58584;58584
2021;1;118707;4113,43;4113,43;4113,43;4113,43;0;0;0;0;0;0;0
2021;1;119599;5040;5040;5040;5040;5040;10326;10326;0;0;0;0
2021;1;118286;5982,6;5982,6;5982,6;5982,6;5982,6;0;0;0;0;0;0
2021;1;121029;7194;7194;7194;7194;7194;7194;7194;0;0;0;0
2021;1;120039;6737,22;6737,22;6737,22;6737,22;6737,22;6737,22;6737,22;6737,22;6737,22;0;0
2021;1;119749;7795,93;7795,93;7795,93;7795,93;7795,93;7795,93;7795,93;0;0;0;0
2021;1;121994;12041,73;12041,73;12041,73;12041,73;12041,73;12041,73;12041,73;0;0;0;0
2021;1;119683;17979,2;19777,12;22474;21575,04;23372,96;25170,88;24271,92;18878,16;898,96;0;0
2021;1;120468;62772;61560;61560;61560;61560;61560;61560;61560;61560;61560;61560
2021;1;119894;2606,1;2606,1;2606,1;2606,1;2606,1;2466,24;2466,24;0;0;0;0
2021;1;118220;5767,56;5767,56;5767,56;5767,56;5767,56;5767,56;5767,56;5767,56;5767,56;0;0
2021;1;120867;4668;4668;4668;4668;4668;4668;4668;0;0;0;0
2021;1;119581;8760;8760;8760;8760;8760;8760;8760;8760;8760;0;0
2021;1;117868;8732,52;8732,52;8732,52;8732,52;8732,52;8732,52;8732,52;8732,52;8732,52;0;0
2021;1;121946;8803,14;8990,64;10300,32;9130,32;10368,6;13024,44;11774,4;13280,1;13312,2;0;0
2021;1;120716;6936;6936;6936;6936;6936;14538;14538;0;0;0;0
2021;1;121573;13469,28;14591,72;14591,72;15714,16;16836,6;15714,16;15714,16;13469,28;14591,72;0;0
2021;1;121498;16950;16950;16950;16950;16950;16950;16950;16950;16950;0;0
2021;1;119965;8989,26;8560,74;9415,08;8162,94;7649,4;7649,4;7649,4;7649,4;7649,4;0;0
2021;1;121879;3060;3060;3060;3060;3060;3060;3060;0;0;0;0
2021;1;120819;9830,77;10139,46;10545,05;0;0;0;0;0;0;0;0
2021;1;121568;11907,72;10825,2;12990,24;10825,2;12990,24;12990,21;11907,72;12990,21;15155,28;0;0
2021;1;122085;4535,57;3421,79;3279,94;0;0;0;0;0;0;0;0
2021;1;120557;7354,68;7354,68;7354,68;7354,68;7354,68;7354,68;7354,68;7354,68;7354,68;0;0
2021;1;120223;5313,43;5313,43;5313,43;5313,43;5313,43;5313,43;5313,43;0;0;0;0
2021;1;120503;5808;5808;5808;5808;5808;5808;5808;0;0;0;0
2021;1;120059;7176;7176;7176;7176;7176;7176;7176;0;0;0;0
2021;1;121731;10920,96;10920,96;10920,96;11831,04;12741,12;11831,04;11831,04;0;0;0;0
2021;1;120316;20827,71;20827,71;20827,71;20827,71;20827,71;20827,71;20827,71;20827,71;20827,71;0;0
2021;1;121664;6534;6534;6534;6534;6534;6534;6534;5880,6;5227,2;0;0
2021;1;121299;2992,5;2992,5;2992,5;2992,5;2992,5;2992,5;2992,5;0;0;0;0
2021;1;118201;6402;6402;7042,2;7746,42;7746,42;8521,06;8521,06;9373,16;9373,16;0;0
2021;1;119068;18287,3;18287,3;18287,3;18287,3;18287,3;18287,3;18287,3;18287,3;18287,3;0;0
2021;1;118250;6548,76;6548,76;6548,76;6548,76;6548,76;6548,76;6548,76;6548,76;6548,76;0;0
2021;1;120972;12060;11868;11724,96;11893,86;11893,86;12004,38;12004,38;0;0;0;0
2021;1;118861;4950;4950;4950;4950;4950;4950;4950;0;0;0;0
2021;1;121496;7631,06;7631,06;7631,06;7631,06;7631,06;7631,06;7631,06;0;0;0;0
2021;1;120346;6599,14;6599,14;6599,14;6599,14;6599,14;6599,14;6599,14;6599,14;6599,14;0;0
2021;1;117867;9237,85;9237,85;9237,85;9237,85;9237,85;9237,85;9237,85;9237,85;9237,85;0;0
2021;1;120584;5012,49;4234,78;4035,09;0;0;0;0;0;0;0;0
2021;1;121660;8450,25;8450,25;8450,25;8772,8;8772,8;8772,8;8772,8;0;0;0;0
2021;1;120060;1405,5;1405,5;1405,5;1405,5;1405,5;1405,5;1405,5;1405,5;1405,5;0;0
2021;1;120290;13200;13200;13200;13200;13200;13200;13200;0;0;0;0
2021;1;119615;9888;9888;9891;9796,79;10341,36;9725,35;9845,54;9167,38;9789,66;0;0
2021;1;120595;5040;5040;5040;5040;5040;5040;5040;0;0;0;0
2021;1;119272;4830;4830;4830;4830;4830;4830;4830;0;0;0;0
2021;1;121751;11258,87;11258,87;11258,87;11258,87;11258,87;11258,87;11258,87;11258,87;11258,87;0;0
2021;1;120293;7713,43;7713,43;7713,43;7713,43;0;0;0;0;0;0;0
2021;1;121215;10440;10440;10440;10440;10440;10440;10440;10440;10440;0;0
2021;1;120460;6130,56;6130,56;6130,56;6130,56;6130,56;6130,56;6130,56;0;0;0;0
2021;1;121071;28077,93;28077,93;28077,93;28077,93;28077,93;28077,93;28077,93;28077,93;28077,93;0;0
2021;1;121115;9365,64;8709,36;9578,58;9834,54;10296;11212,62;11028,6;0;0;0;0
2021;1;119598;6468;6468;6463,8;6146,47;6488,14;6087,08;6162,31;0;0;0;0
2021;1;118893;4940,35;4940,35;4940,35;4940,35;4940,35;5763,74;5763,74;5763,74;4940,35;0;0
2021;1;120764;4038;4038;4038;4038;4038;9852;9852;0;0;0;0
2021;1;118718;9767,14;9767,14;9767,14;10304,34;10304,34;10500,59;10880,79;10880,79;11170,03;0;0
2021;1;121221;5340;5340;5340;0;0;0;0;0;0;0;0
2021;1;121603;10530,51;10530,51;10530,51;10530,51;10530,51;10530,51;10530,51;10530,51;10530,51;0;0
2021;1;118651;3688,93;3688,93;3688,93;3688,93;3688,93;3688,93;3688,93;0;0;0;0
2021;1;119933;3118,8;3118,8;3118,8;3118,8;3118,8;3118,8;3118,8;0;0;0;0
2021;1;119098;4674,93;4674,93;5048,89;5452,79;5452,79;5888,94;5888,94;6360,05;6360,05;0;0
2021;1;120421;6578,58;6257,16;6351,36;7812;6580,2;7321,08;7167,6;0;0;0;0
2021;1;119771;3762,17;3200,07;3388,31;3764,79;3953,74;0;0;0;0;0;0
2021;1;120095;13470;13470;13470;13470;13470;13470;13470;0;0;0;0
2021;1;122059;4284,86;4284,86;4284,86;4284,86;0;0;0;0;0;0;0
2021;1;119889;4454,1;4454,1;4454,1;4454,1;4454,1;0;0;0;0;0;0
2021;1;121943;9459,36;9365,64;10300,32;9920,58;9490,8;13248,06;11992,2;12077,64;9589,8;0;0
2021;1;118034;5310;5310;5310;5310;5310;5310;5310;5310;5310;0;0
2021;1;118026;6075,13;6075,13;6075,13;6075,13;6075,13;6075,13;6075,13;6075,13;6075,13;0;0
2021;1;119236;3386,7;3386,7;3386,7;3386,7;3386,7;3386,7;3386,7;0;0;0;0
2021;1;117925;8400;8400;8400;8400;8400;8400;8400;8400;8400;0;0
2021;1;119544;7378,8;7320;8633,22;5852,46;5563,56;0;0;0;0;0;0
2021;1;118207;11101,03;11101,03;11101,03;11101,03;11101,03;11101,03;11101,03;11101,03;11101,03;0;0
2021;1;118839;7713,43;7713,43;7713,43;7713,43;7713,43;7713,43;7713,43;7713,43;7713,43;0;0
2021;1;119973;3484,26;3587,82;3587,82;4062,94;5043,65;0;0;0;0;0;0
2021;1;121839;13738,04;13738,04;13738,04;13738,04;13738,04;13738,04;13738,04;13738,04;13738,04;0;0
2021;1;120453;4038;4038;4038;4038;4038;9852;9852;0;0;0;0
2021;1;119084;4500;4500;5352;5892;5892;4632;4632;8268;8268;0;0
2021;1;120585;12491,64;13741,68;15113,1;22445,46;19978,2;20591,64;18638,4;17112;15886,2;0;0
2021;1;119423;18371,1;18371,1;18371,1;18371,1;18371,1;18371,1;18371,1;18371,1;18371,1;0;0
2021;1;121637;8586,02;8586,02;8586,02;8586,02;8586,02;8586,02;0;0;0;0;0
2021;1;119562;6328,2;6328,2;6328,2;6328,2;6328,2;0;0;0;0;0;0
2021;1;121600;7681,89;7681,89;8047,6;9657,12;10461,88;10461,88;10461,88;9657,12;9657,12;0;0
2021;1;121234;6126;6126;6126;6126;6126;6126;6126;0;0;0;0
2021;1;121024;5400;5400;5400;5400;5400;5400;5400;0;0;0;0
2021;1;119542;7846,5;7846,5;7846,5;7846,5;7846,5;7846,5;7846,5;7846,5;7846,5;0;0
2021;1;122253;8955;8955;8955;8955;0;0;0;0;0;0;0
2021;1;118593;4992;4992;4992;4992;4992;0;0;0;0;0;0
2021;1;119900;9282;9282;9282;9282;9282;9282;9282;9282;9282;0;0
2021;1;120844;11622;11622;11622;11622;11622;11622;11622;0;0;0;0
2021;1;120257;24828,76;24828,76;24828,76;24828,76;24828,76;24828,76;24828,76;24828,76;24828,76;0;0
2021;1;119957;7633,56;7633,56;7633,56;7633,56;7633,56;7633,56;7633,56;7633,56;7633,56;0;0
2021;1;119920;5397,66;5397,66;5397,66;5397,66;5397,66;0;0;0;0;0;0
2021;1;122251;8058;8058;8058;8058;8058;8058;8058;8058;0;0;0
2021;1;117998;10690,63;10690,63;10690,63;10690,63;10690,63;10690,63;10690,63;10690,63;10690,63;0;0
2021;1;119578;7914;7914;8310;8310;8226;8310;8226;0;0;0;0
2021;1;121935;6585;6585;6585;6585;6585;6585;6585;6585;6585;0;0
2021;1;119972;4272;4272;4272;4272;4272;4272;4272;0;0;0;0
2021;1;120913;51433,32;51433,32;51432,04;49188,5;51433,32;51433,32;51433,32;51433,32;51433,32;51433;51433
2021;1;121086;15293,88;15293,88;15293,88;15293,88;15293,88;15293,88;15293,88;15293,88;15293,88;0;0
2021;1;121032;6012;6012;6012;6012;6012;6012;6012;0;0;0;0
2021;1;121704;17089,93;18514,1;17089,93;17089,93;17089,93;17089,93;18514,1;17089,93;18514,1;0;0
2021;1;120566;4355,33;4483,25;4483,25;6732,88;6732,88;6732,88;6732,88;0;0;0;0
2021;1;119394;11567,49;11567,49;11567,49;11567,49;11567,49;11567,49;11567,49;0;0;0;0
2021;1;121117;14741,64;14658,36;16946,1;22356,06;17740,8;21903,72;21430,2;23337,6;18763,8;0;0
2021;1;120552;3906;3906;3906;0;0;0;0;0;0;0;0
2021;1;122107;5552,82;5552,82;5552,82;5552,82;5552,82;5552,82;5552,82;0;0;0;0
2021;1;119898;7692,63;7692,63;7692,63;7692,63;7692,63;7692,63;7692,63;7692,63;7692,63;0;0
2021;1;119709;8922;8922;8922;8922;8922;8922;8922;8922;8922;0;0
2021;1;120899;4362;4362;4362;4362;4362;0;0;0;0;0;0
2021;1;120665;3528;3528;3528;3528;3528;0;0;0;0;0;0
2021;1;118966;48099,54;48099,54;48099,54;48099,54;48099,54;48099,54;48099,54;48099,54;48099,54;48100;48100
2021;1;118109;9215,3;6901,86;7307,86;7713,85;8527,35;8121,28;8527,35;8121,28;10958,03;0;0
2021;1;118159;4771,86;4678,14;7279,32;5063,52;5063,52;5719,68;9819,24;0;0;0;0
2021;1;122018;8896,86;8334,36;9176,46;9343,98;9490,8;12696,42;11028,6;16923,6;12342;0;0
2021;1;118693;4573,8;4573,8;4573,8;0;0;0;0;0;0;0;0
2021;1;122167;8496;8496;8496;8496;8496;8496;8496;8496;8496;0;0
2021;1;121542;5970;5970;5970;5970;5970;0;0;0;0;0;0
2021;1;121885;5040;5040;5040;5040;5040;5040;5040;0;0;0;0
2021;1;120024;8400;8400;8400;8400;8400;8400;8400;8400;8400;0;0
2021;1;119806;5760;5760;5760;5760;5760;0;0;0;0;0;0
2021;1;118796;14250,06;14250,06;14250,06;14250,06;14250,06;14250,06;14250,06;14250,06;14250,06;0;0
2021;1;120463;4473,77;3783,45;3591,02;4005,53;4254,26;4545,17;4545,17;0;0;0;0
2021;1;121588;8450,25;8450,25;8450,25;10527,36;10527,36;8772,8;8772,8;8772,8;10527,36;0;0
2021;1;118967;45905,52;45905,52;45905,52;45905,52;45905,52;45905,52;45905,52;45905,52;45905,52;45906;45906
2021;1;118490;3780;3969;4167;4593;4822;5063;5316;0;0;0;0
2021;1;118640;58200;58200;58200;58200;58200;58200;58200;58200;58200;58200;58200
2021;1;121182;4320;4320;4320;4320;4320;4320;4320;0;0;0;0
2021;1;119993;17013,3;17013,3;17013,3;17013,3;17013,3;17013,3;17013,3;17013,3;17013,3;0;0
2021;1;118989;8754,48;8754,48;8754,48;8754,48;8754,48;8754,48;8754,48;0;0;0;0
2021;1;121691;7682,4;7682,4;7682,4;8450,64;9987,12;9987,12;9987,12;0;0;0;0
2021;1;120895;6942;6942;6942;6942;6942;6942;6942;6942;6942;0;0
2021;1;121668;11491,2;11491,2;12209,4;12568,5;13645,8;12927,6;11491,2;15441,3;13286,7;0;0
2021;1;119809;3000;3000;3000;3000;3000;0;0;0;0;0;0
2021;1;119396;4002;4669;4669;4669;3335;0;0;0;0;0;0
2021;1;119070;18576;18576;18576;18576;18576;18576;18576;18576;18576;0;0
2021;1;120390;6253,86;6253,86;6253,86;6253,86;6253,86;6253,86;6253,86;0;0;0;0
2021;1;121366;6510;6510;6510;0;0;0;0;0;0;0;0
2021;1;119211;2700;2700;2940;3100;3100;3120;3120;0;0;0;0
2021;1;119964;5967,84;5967,84;5967,84;5967,84;5967,84;7459,8;7459,8;7459,8;7459,8;0;0
2021;1;121967;7596,42;7489,26;9415,08;7932,48;8870,4;8329,2;8771,4;0;0;0;0
2021;1;119226;9948;9948;9948;9948;9948;9948;9948;9948;9948;0;0
2021;1;119056;5613,9;5613,9;5613,9;5613,9;5613,9;5613,9;5613,9;5613,9;5613,9;0;0
2021;1;120677;4223,4;4223,4;4223,4;4223,4;4223,4;4223,4;4223,4;0;0;0;0
2021;1;121357;10385,58;10385,58;10385,58;10385,58;10385,58;10385,58;10385,58;10385,58;10385,58;0;0
2021;1;120288;19050;19050;19050;19050;19050;19050;19050;0;0;0;0
2021;1;121164;18612,96;18612,96;18612,96;18612,96;18612,96;18612,96;18612,96;18612,96;18612,96;0;0
2021;1;120111;44724;44724;44724;44724;44724;44724;44724;44724;44724;44724;44724
2021;1;120431;17103,33;17103,33;17103,33;17103,33;17103,33;17103,33;17103,33;17103,33;17103,33;0;0
2021;1;121815;3324;3324;3324;3324;3324;0;0;0;0;0;0
2021;1;120242;1397,67;1397,67;1397,67;1397,67;1397,67;1397,67;1397,67;0;0;0;0
2021;1;120747;5280;5280;5280;5280;5280;5280;5280;0;0;0;0
2021;1;118096;3770,57;3770,57;3770,57;3770,57;3770,57;3770,57;0;0;0;0;0
2021;1;118165;10396,86;10303,14;11321,1;9242,58;9242,58;9243,12;11091,72;11091,72;11091,72;0;0
2021;1;119218;58200;58200;58200;58200;58200;58200;58200;58200;58200;58200;58200
2021;1;121871;3240;3240;3240;3240;3240;0;0;0;0;0;0
2021;1;120328;49404;49404;49404;49404;49404;49404;49404;49404;49404;49404;49404
2021;1;121379;7774,67;9329,64;9329,64;9329,64;12439,52;13994,46;12439,52;12439,52;8552,17;0;0
2021;1;121800;61277,76;61277,76;61277,76;61277,76;61277,76;61277,76;61277,76;61277,76;61277,76;61278;61278
2021;1;119591;53028,9;53028,9;53029,9;53039,9;53039,9;53039,9;53039,9;53039,9;53039,9;53040;53040
2021;1;121741;12100;12100;12100;12100;12100;12100;12100;0;0;0;0
2021;1;118489;3901,74;3251,45;3251,45;5446,21;6096,5;6096,5;1950,87;0;0;0;0
2021;1;118406;53481,72;53481,72;53481,72;53481,72;53481,72;53481,72;53481,72;53481,72;53481,72;53482;53482
2021;1;121985;6953,58;6846,42;8236,68;6938,46;9490,8;12163,8;11728,2;0;0;0;0
2021;1;119374;12565,58;12565,58;12565,58;12565,58;12565,58;12565,58;12565,58;12565,58;12565,58;0;0
2021;1;120842;56580;56580;58843,2;62079,6;61559,04;58732,68;58732,68;58732,68;58732,68;58733;58733
2021;1;119824;5578,92;5578,92;5578,92;5578,92;5578,92;5578,92;5578,92;0;0;0;0
2021;1;119299;58200;58200;58200;58200;58200;58200;58200;58200;58200;58200;58200
2021;1;119044;2694;2694;2694;2694;2694;2694;2694;0;0;0;0
2021;1;122045;23847,9;23847,9;23847,9;23847,9;23847,9;23847,9;23847,9;0;0;0;0
2021;1;122164;4540,2;4540,2;4540,2;4540,2;4540,2;0;0;0;0;0;0
2021;1;120518;7374;7164;7164;7162,62;7167,42;7167,42;7167,42;6822,72;6822,72;0;0
2021;1;121090;4982,4;4982,4;5281,32;5314,38;5364,96;6843,84;6843,84;0;0;0;0
2021;1;121988;6900,33;6900,33;6900,33;6900,33;6900,33;6900,33;6900,33;0;0;0;0
2021;1;120775;49680;49680;49680;49680;49680;49680;49680;49680;49680;49680;49680
2021;1;117880;6695,06;6695,06;6695,06;6695,06;6695,06;6695,06;6695,06;6695,06;6695,06;0;0
